frame,id,green_x,green_y,red_x,red_y,dx,dy,dist,baseline_deg,baseline_m
4507,0,232.892,222.571,232.490,222.474,-0.402,-0.097,0.414,3.8085,0.17237
4507,1,291.841,227.452,291.715,227.118,-0.126,-0.334,0.357,3.8085,0.17237
4508,0,232.155,221.515,231.646,221.281,-0.509,-0.234,0.560,3.8632,0.17222
4508,1,291.199,226.407,290.913,225.975,-0.286,-0.432,0.518,3.8632,0.17222
4509,0,231.669,221.308,231.291,221.185,-0.378,-0.123,0.397,3.9115,0.17222
4509,1,290.735,226.127,290.577,225.827,-0.158,-0.300,0.339,3.9115,0.17222
4510,0,230.689,221.493,230.492,221.344,-0.197,-0.148,0.246,4.0283,0.17208
4510,1,289.854,226.156,289.824,225.867,-0.030,-0.289,0.290,4.0283,0.17208
4511,0,230.446,221.550,230.021,221.602,-0.425,0.053,0.428,4.0920,0.17179
4511,1,289.621,226.377,289.388,226.076,-0.232,-0.301,0.380,4.0920,0.17179
4512,0,230.692,221.731,230.309,221.795,-0.384,0.064,0.389,4.0470,0.17110
4512,1,289.742,226.562,289.696,226.287,-0.046,-0.274,0.278,4.0470,0.17110
4513,0,231.279,221.828,230.724,221.882,-0.554,0.054,0.557,3.9886,0.17085
4513,1,290.468,226.617,290.105,226.420,-0.363,-0.197,0.413,3.9886,0.17085
4514,0,232.613,221.063,231.925,221.055,-0.688,-0.007,0.688,3.7972,0.17011
4514,1,291.727,225.988,291.291,225.778,-0.436,-0.210,0.484,3.7972,0.17011
4515,0,232.603,220.763,232.164,220.862,-0.439,0.099,0.450,3.7661,0.16995
4515,1,291.774,225.793,291.531,225.620,-0.243,-0.172,0.298,3.7661,0.16995
4516,0,232.645,221.414,232.142,221.282,-0.503,-0.132,0.520,3.7980,0.16961
4516,1,291.765,226.353,291.534,226.002,-0.231,-0.351,0.420,3.7980,0.16961
4517,0,231.810,222.503,231.517,222.422,-0.293,-0.082,0.304,3.9241,0.16895
4517,1,291.216,227.372,290.974,227.076,-0.241,-0.296,0.382,3.9241,0.16895
4518,0,231.674,222.575,231.304,222.507,-0.370,-0.068,0.376,3.9533,0.16866
4518,1,290.994,227.522,290.786,227.171,-0.208,-0.351,0.408,3.9533,0.16866
4519,0,231.206,222.375,230.757,222.185,-0.449,-0.190,0.488,4.0092,0.16806
4519,1,290.792,227.125,290.296,226.913,-0.497,-0.212,0.540,4.0092,0.16806
4520,0,231.339,221.645,230.921,221.693,-0.418,0.048,0.421,3.9758,0.16689
4520,1,290.795,226.663,290.518,226.576,-0.277,-0.086,0.290,3.9758,0.16689
4521,0,232.433,222.571,231.949,222.637,-0.484,0.066,0.488,3.8756,0.16455
4521,1,291.875,227.902,291.626,227.719,-0.248,-0.183,0.309,3.8756,0.16455
4522,0,233.896,221.923,233.648,222.003,-0.248,0.079,0.260,3.6537,0.16200
4522,1,293.735,227.464,293.388,227.324,-0.347,-0.140,0.374,3.6537,0.16200
4523,0,237.784,221.538,237.451,221.431,-0.334,-0.108,0.351,3.2080,0.15761
4523,1,297.690,227.399,297.274,227.122,-0.416,-0.276,0.499,3.2080,0.15761
4524,0,240.180,220.518,239.769,220.516,-0.411,-0.002,0.411,2.9401,0.15532
4524,1,299.779,226.558,299.649,226.267,-0.129,-0.291,0.319,2.9401,0.15532
4525,0,242.400,220.267,241.872,220.193,-0.528,-0.075,0.533,2.7099,0.15283
4525,1,302.030,226.421,301.831,225.978,-0.199,-0.443,0.486,2.7099,0.15283
4526,0,245.110,220.543,244.724,220.523,-0.386,-0.021,0.386,2.4251,0.15023
4526,1,305.134,226.741,304.726,226.519,-0.408,-0.222,0.465,2.4251,0.15023
4527,0,251.600,220.389,251.086,220.319,-0.514,-0.070,0.518,1.8325,0.14649
4527,1,311.684,226.899,311.095,226.688,-0.589,-0.211,0.625,1.8325,0.14649
4528,0,255.489,220.997,254.876,220.994,-0.613,-0.003,0.613,1.4941,0.14434
4528,1,315.452,227.641,314.913,227.400,-0.539,-0.241,0.590,1.4941,0.14434
4529,0,256.674,221.671,256.202,221.722,-0.473,0.051,0.475,1.3944,0.14342
4529,1,316.713,228.481,316.264,228.117,-0.449,-0.364,0.578,1.3944,0.14342
4530,0,258.495,223.837,257.889,223.902,-0.607,0.065,0.610,1.4133,0.14172
4530,1,318.522,230.707,318.002,230.375,-0.521,-0.332,0.617,1.4133,0.14172
4531,0,260.482,226.265,259.897,226.097,-0.585,-0.168,0.609,1.5910,0.14005
4531,1,320.603,233.334,320.031,232.800,-0.571,-0.534,0.782,1.5910,0.14005
4532,0,263.485,225.657,262.980,225.694,-0.505,0.037,0.506,1.6594,0.13747
4532,1,323.606,233.151,323.165,232.690,-0.442,-0.460,0.638,1.6594,0.13747
4533,0,263.826,222.746,263.577,222.737,-0.250,-0.009,0.250,1.4756,0.13423
4533,1,324.468,230.144,323.905,229.759,-0.563,-0.385,0.682,1.4756,0.13423
4534,0,264.722,222.412,264.255,222.297,-0.467,-0.115,0.481,1.4238,0.13293
4534,1,325.021,229.523,324.629,229.273,-0.392,-0.250,0.465,1.4238,0.13293
4535,0,271.298,221.812,270.737,221.943,-0.560,0.131,0.575,1.6120,0.12872
4535,1,331.785,228.857,331.197,228.586,-0.588,-0.272,0.647,1.6120,0.12872
4536,0,275.617,221.693,275.158,221.788,-0.459,0.095,0.468,2.0426,0.12611
4536,1,335.922,228.572,335.678,228.169,-0.244,-0.404,0.472,2.0426,0.12611
4537,0,276.973,221.582,276.689,221.564,-0.284,-0.017,0.285,2.2297,0.12502
4537,1,337.605,228.268,337.238,227.827,-0.367,-0.441,0.574,2.2297,0.12502
4538,0,278.735,220.777,278.363,220.843,-0.372,0.065,0.378,2.4825,0.12333
4538,1,339.361,227.313,338.961,226.937,-0.400,-0.376,0.549,2.4825,0.12333
4539,0,277.277,218.480,276.824,218.472,-0.453,-0.008,0.454,2.4731,0.12298
4539,1,337.669,224.495,337.402,224.329,-0.267,-0.166,0.314,2.4731,0.12298
4540,0,274.704,218.472,274.254,218.482,-0.450,0.010,0.450,2.2363,0.12422
4540,1,334.891,224.565,334.774,224.373,-0.117,-0.192,0.225,2.2363,0.12422
4541,0,270.859,218.910,270.561,219.068,-0.298,0.158,0.337,1.9290,0.12662
4541,1,331.316,225.334,330.959,225.059,-0.357,-0.275,0.451,1.9290,0.12662
4542,0,269.189,221.634,268.836,221.757,-0.353,0.124,0.374,1.9376,0.13011
4542,1,329.273,227.671,329.030,227.496,-0.243,-0.176,0.300,1.9376,0.13011
4543,0,267.541,223.687,267.017,223.801,-0.523,0.113,0.536,1.9197,0.13245
4543,1,327.420,229.540,327.098,229.356,-0.321,-0.184,0.370,1.9197,0.13245
4544,0,265.400,224.884,264.807,224.911,-0.593,0.027,0.593,1.8196,0.13386
4544,1,325.226,230.546,324.851,230.324,-0.375,-0.222,0.436,1.8196,0.13386
4545,0,259.301,226.585,258.656,226.601,-0.646,0.016,0.646,1.6660,0.13712
4545,1,319.158,231.709,318.663,231.613,-0.495,-0.096,0.505,1.6660,0.13712
4546,0,248.363,227.068,247.784,227.048,-0.579,-0.020,0.579,2.0997,0.14303
4546,1,308.373,231.541,307.794,231.375,-0.580,-0.166,0.603,2.0997,0.14303
4547,0,240.798,225.028,240.295,225.050,-0.503,0.022,0.503,2.7671,0.14728
4547,1,300.794,229.023,300.349,228.842,-0.445,-0.181,0.480,2.7671,0.14728
4548,0,233.561,222.522,232.938,222.469,-0.623,-0.053,0.625,3.6242,0.15157
4548,1,293.569,225.810,293.064,225.756,-0.505,-0.054,0.508,3.6242,0.15157
4549,0,226.042,222.622,225.365,222.828,-0.676,0.206,0.707,4.5477,0.15582
4549,1,286.154,225.890,285.578,225.844,-0.576,-0.046,0.578,4.5477,0.15582
4550,0,212.520,216.562,211.738,216.454,-0.781,-0.109,0.789,5.6390,0.16294
4550,1,272.785,220.510,272.213,220.374,-0.573,-0.136,0.589,5.6390,0.16294
4551,0,204.516,214.609,203.859,214.904,-0.657,0.295,0.720,6.4731,0.16803
4551,1,264.814,219.512,264.469,219.456,-0.345,-0.055,0.349,6.4731,0.16803
4552,0,199.396,213.362,198.783,213.291,-0.614,-0.071,0.618,7.1002,0.17312
4552,1,259.710,218.341,259.417,218.198,-0.293,-0.144,0.326,7.1002,0.17312
4553,0,197.441,211.592,196.772,211.632,-0.669,0.039,0.671,7.3600,0.17569
4553,1,257.752,216.686,257.402,216.689,-0.350,0.003,0.350,7.3600,0.17569
4554,0,193.310,203.305,192.751,203.541,-0.559,0.236,0.607,7.9832,0.18559
4554,1,253.481,208.690,253.195,208.961,-0.286,0.271,0.394,7.9832,0.18559
4555,0,191.968,203.694,191.551,204.066,-0.417,0.373,0.559,8.1549,0.18792
4555,1,252.260,209.362,251.959,209.335,-0.300,-0.027,0.302,8.1549,0.18792
4556,0,187.239,207.503,186.621,207.581,-0.619,0.079,0.624,8.8521,0.19489
4556,1,247.436,211.878,247.011,212.141,-0.425,0.262,0.500,8.8521,0.19489
4557,0,184.522,206.790,183.967,207.088,-0.555,0.298,0.630,9.2264,0.19936
4557,1,244.686,211.271,244.338,211.339,-0.348,0.067,0.355,9.2264,0.19936
4558,0,182.820,207.561,182.279,207.774,-0.541,0.213,0.582,9.4686,0.20371
4558,1,242.816,211.645,242.558,211.835,-0.258,0.191,0.321,9.4686,0.20371
4559,0,178.691,209.544,178.080,209.620,-0.610,0.076,0.615,9.9633,0.21038
4559,1,238.730,213.625,238.302,213.875,-0.428,0.250,0.496,9.9633,0.21038
4560,0,176.701,209.638,176.204,209.906,-0.497,0.268,0.564,10.1784,0.21251
4560,1,236.752,214.237,236.445,214.329,-0.307,0.092,0.321,10.1784,0.21251
4561,0,170.380,207.717,169.711,207.904,-0.670,0.187,0.695,10.9322,0.22066
4561,1,230.365,212.744,230.022,212.955,-0.343,0.211,0.402,10.9322,0.22066
4562,0,173.546,210.487,172.940,210.678,-0.606,0.192,0.636,10.7901,0.22534
4562,1,232.943,214.647,232.848,214.884,-0.095,0.237,0.255,10.7901,0.22534
4563,0,173.301,214.467,172.627,214.672,-0.674,0.205,0.704,10.9677,0.22625
4564,0,170.574,219.039,170.044,219.322,-0.530,0.283,0.601,11.5366,0.22885
4564,1,230.432,221.783,230.003,222.213,-0.429,0.429,0.607,11.5366,0.22885
4565,0,170.044,218.314,169.503,218.553,-0.541,0.238,0.591,11.6191,0.22967
4565,1,229.742,220.970,229.476,221.298,-0.266,0.328,0.422,11.6191,0.22967
4566,0,169.717,216.024,169.202,216.421,-0.516,0.398,0.651,11.6359,0.23196
4566,1,229.491,218.534,229.114,218.938,-0.377,0.404,0.553,11.6359,0.23196
4567,0,172.443,216.223,171.732,216.487,-0.711,0.264,0.758,11.3304,0.23236
4567,1,231.688,218.579,231.443,218.981,-0.245,0.401,0.470,11.3304,0.23236
4568,0,174.563,216.661,173.842,217.001,-0.721,0.340,0.797,11.1138,0.23245
4568,1,233.761,218.961,233.400,219.415,-0.361,0.454,0.580,11.1138,0.23245
4569,0,178.859,219.120,178.308,219.400,-0.552,0.280,0.619,10.7284,0.23232
4569,1,237.752,221.298,237.558,221.534,-0.194,0.236,0.305,10.7284,0.23232
4570,0,184.256,222.644,183.575,223.078,-0.681,0.435,0.808,10.4049,0.23157
4570,1,242.729,224.442,242.507,224.631,-0.222,0.190,0.292,10.4049,0.23157
4571,0,185.871,223.597,185.366,223.809,-0.505,0.212,0.548,10.2980,0.23116
4571,1,244.570,224.698,244.202,225.153,-0.367,0.456,0.585,10.2980,0.23116
4572,0,190.507,224.953,189.774,225.262,-0.733,0.308,0.795,10.0606,0.23013
4572,1,248.659,225.687,248.384,226.124,-0.274,0.437,0.516,10.0606,0.23013
4573,0,196.484,221.942,195.760,222.285,-0.724,0.343,0.801,9.1690,0.22816
4573,1,254.478,223.013,254.110,223.494,-0.367,0.481,0.605,9.1690,0.22816
4574,0,200.933,226.828,200.326,226.967,-0.607,0.140,0.623,8.7508,0.22684
4574,1,258.736,228.303,258.449,228.475,-0.287,0.173,0.335,8.7508,0.22684
4575,0,203.849,230.372,203.167,230.332,-0.682,-0.040,0.683,8.6636,0.22610
4575,1,261.620,231.490,261.159,231.773,-0.461,0.283,0.540,8.6636,0.22610
4576,0,213.425,237.173,212.643,237.390,-0.782,0.217,0.811,8.3612,0.22354
4576,1,270.721,238.232,270.263,238.540,-0.459,0.308,0.553,8.3612,0.22354
4577,0,217.291,236.848,216.598,237.281,-0.693,0.433,0.817,7.9131,0.22165
4577,1,274.462,238.376,274.107,238.656,-0.355,0.279,0.452,7.9131,0.22165
4578,0,218.705,235.891,218.187,236.341,-0.518,0.450,0.686,7.6242,0.22064
4578,1,275.842,237.576,275.663,237.898,-0.178,0.322,0.368,7.6242,0.22064
4579,0,230.523,235.814,229.810,236.100,-0.714,0.286,0.769,6.3532,0.21410
4579,1,287.559,238.173,287.053,238.472,-0.505,0.298,0.587,6.3532,0.21410
4580,0,233.326,236.250,232.639,236.431,-0.688,0.181,0.711,6.1520,0.21281
4580,1,290.149,238.537,289.826,238.914,-0.323,0.377,0.496,6.1520,0.21281
4581,0,238.966,241.748,239.246,241.847,0.280,0.099,0.297,1.0609,0.00600
4581,1,295.858,243.949,296.339,243.840,0.482,-0.108,0.494,1.0609,0.00600
4582,0,244.702,242.662,244.885,242.680,0.183,0.018,0.184,1.8157,0.01158
4582,1,301.650,244.604,302.011,244.535,0.361,-0.069,0.368,1.8157,0.01158
4583,0,251.069,243.214,251.187,243.037,0.119,-0.177,0.213,2.6527,0.01591
4584,0,258.329,243.820,258.386,243.923,0.057,0.103,0.118,3.6453,0.02039
4584,1,315.172,246.177,315.499,245.849,0.327,-0.329,0.464,3.6453,0.02039
4585,0,261.597,245.370,261.681,245.163,0.084,-0.207,0.223,4.1523,0.02347
4585,1,318.452,247.468,318.850,247.050,0.398,-0.418,0.577,4.1523,0.02347
4586,0,265.689,244.586,265.848,244.490,0.159,-0.096,0.186,4.7552,0.02780
4586,1,322.624,246.592,323.101,246.463,0.478,-0.130,0.495,4.7552,0.02780
4587,0,268.626,242.603,268.759,242.472,0.132,-0.132,0.187,5.1559,0.03044
4587,1,325.571,244.688,326.057,244.515,0.486,-0.174,0.516,5.1559,0.03044
4588,0,270.570,239.554,270.633,239.400,0.063,-0.153,0.166,5.4396,0.03266
4588,1,327.548,241.753,327.969,241.615,0.421,-0.139,0.443,5.4396,0.03266
4589,0,272.495,234.448,272.653,234.314,0.158,-0.133,0.207,5.8298,0.03583
4589,1,329.588,237.095,330.050,236.816,0.462,-0.279,0.540,5.8298,0.03583
4590,0,272.686,233.489,273.035,233.257,0.349,-0.232,0.419,5.9276,0.03694
4590,1,329.786,236.082,330.464,235.777,0.679,-0.305,0.744,5.9276,0.03694
4591,0,271.718,232.348,272.166,232.259,0.448,-0.089,0.457,5.9375,0.04015
4591,1,328.870,235.068,329.721,234.735,0.851,-0.333,0.914,5.9375,0.04015
4592,0,268.708,235.568,269.056,235.298,0.348,-0.270,0.440,5.6170,0.04381
4592,1,325.739,238.124,326.795,237.661,1.056,-0.463,1.154,5.6170,0.04381
4593,0,268.716,239.074,269.292,238.981,0.577,-0.093,0.584,5.7172,0.04780
4593,1,326.493,241.571,327.198,241.302,0.705,-0.270,0.755,5.7172,0.04780
4594,0,272.373,241.574,272.693,241.443,0.319,-0.131,0.345,6.2265,0.05216
4594,1,329.785,244.287,330.747,243.791,0.963,-0.496,1.083,6.2265,0.05216
4595,0,275.683,243.377,276.129,243.054,0.446,-0.323,0.551,6.7431,0.05664
4595,1,333.648,245.824,334.346,245.500,0.698,-0.324,0.770,6.7431,0.05664
4596,0,277.688,245.585,278.220,245.271,0.532,-0.313,0.617,7.0814,0.06083
4597,0,278.395,246.272,278.766,246.021,0.371,-0.251,0.448,7.1776,0.06223
4597,1,336.465,248.899,337.226,248.500,0.761,-0.399,0.860,7.1776,0.06223
4598,0,278.764,246.588,279.237,246.403,0.473,-0.186,0.508,7.2591,0.06357
4598,1,336.750,249.544,337.757,248.889,1.007,-0.655,1.201,7.2591,0.06357
4599,0,279.918,244.567,280.494,244.327,0.576,-0.239,0.624,7.4417,0.06812
4599,1,338.370,247.439,339.218,246.795,0.848,-0.645,1.065,7.4417,0.06812
4600,0,280.340,243.738,280.746,243.747,0.407,0.008,0.407,7.4965,0.07061
4600,1,338.628,246.595,339.585,246.237,0.958,-0.358,1.023,7.4965,0.07061
4601,0,280.339,244.390,280.775,244.161,0.436,-0.229,0.493,7.5135,0.07142
4601,1,338.607,247.352,339.652,246.670,1.045,-0.682,1.248,7.5135,0.07142
4602,0,280.643,245.702,281.096,245.524,0.453,-0.178,0.487,7.5897,0.07354
4602,1,339.084,248.583,340.074,248.054,0.990,-0.529,1.123,7.5897,0.07354
4603,0,280.784,246.553,281.299,246.279,0.514,-0.274,0.583,7.6336,0.07473
4603,1,339.494,249.494,340.335,248.796,0.841,-0.698,1.093,7.6336,0.07473
4604,0,280.796,247.441,281.333,247.092,0.537,-0.349,0.640,7.6606,0.07612
4604,1,339.493,250.318,340.436,249.637,0.943,-0.681,1.163,7.6606,0.07612
4605,0,280.688,247.738,281.260,247.586,0.572,-0.152,0.592,7.6694,0.07693
4605,1,339.510,250.635,340.402,250.165,0.892,-0.471,1.008,7.6694,0.07693
4606,0,280.632,247.882,281.189,247.708,0.557,-0.174,0.584,7.6661,0.07729
4606,1,339.547,250.654,340.350,250.291,0.803,-0.363,0.882,7.6661,0.07729
4607,0,280.632,247.771,281.139,247.666,0.508,-0.105,0.518,7.6635,0.07821
4607,1,339.531,250.640,340.348,250.184,0.818,-0.455,0.936,7.6635,0.07821
4608,0,280.639,247.701,281.112,247.605,0.473,-0.096,0.482,7.6607,0.07846
4608,1,339.513,250.567,340.334,250.089,0.821,-0.478,0.950,7.6607,0.07846
4609,0,280.510,247.457,280.853,247.209,0.344,-0.248,0.424,7.6232,0.07895
4609,1,339.103,250.232,340.105,249.622,1.002,-0.610,1.173,7.6232,0.07895
4610,0,279.485,246.601,279.984,246.657,0.499,0.056,0.502,7.5082,0.07942
4610,1,338.345,249.545,339.270,249.037,0.925,-0.508,1.055,7.5082,0.07942
4611,0,279.025,246.576,279.675,246.578,0.651,0.003,0.651,7.4678,0.07949
4611,1,337.724,249.558,338.969,248.961,1.245,-0.597,1.381,7.4678,0.07949
4612,0,278.721,246.477,279.344,246.338,0.622,-0.140,0.638,7.4266,0.07981
4612,1,337.621,249.252,338.657,248.736,1.036,-0.517,1.158,7.4266,0.07981
4613,0,279.191,244.624,279.730,244.685,0.539,0.061,0.542,7.4546,0.08005
4613,1,338.037,247.546,339.055,247.089,1.019,-0.457,1.116,7.4546,0.08005
4614,0,279.540,245.154,280.056,245.020,0.516,-0.134,0.533,7.4941,0.08023
4614,1,338.632,247.759,339.390,247.430,0.758,-0.330,0.827,7.4941,0.08023
4615,0,279.643,245.536,280.194,245.263,0.552,-0.273,0.616,7.5108,0.08033
4615,1,338.603,248.307,339.534,247.672,0.931,-0.636,1.127,7.5108,0.08033
4616,0,279.916,244.704,280.565,244.695,0.648,-0.009,0.648,7.5461,0.08061
4616,1,338.849,247.604,339.918,247.120,1.068,-0.483,1.173,7.5461,0.08061
4617,0,280.283,244.261,280.788,244.123,0.505,-0.138,0.523,7.5683,0.08092
4617,1,339.237,247.182,340.153,246.607,0.916,-0.575,1.082,7.5683,0.08092
4618,0,280.502,244.266,280.912,244.070,0.410,-0.196,0.455,7.5830,0.08106
4618,1,339.496,247.119,340.283,246.585,0.787,-0.534,0.951,7.5830,0.08106
4619,0,280.875,244.635,281.445,244.526,0.569,-0.109,0.580,7.6430,0.08138
4619,1,339.670,247.591,340.830,247.051,1.160,-0.540,1.279,7.6430,0.08138
4620,0,280.987,244.642,281.567,244.586,0.581,-0.055,0.583,7.6551,0.08168
4620,1,339.814,247.684,340.968,247.124,1.154,-0.560,1.283,7.6551,0.08168
4621,0,281.307,244.290,281.728,244.097,0.421,-0.192,0.463,7.6697,0.08196
4621,1,340.217,247.350,341.141,246.664,0.924,-0.685,1.151,7.6697,0.08196
4622,0,281.523,243.666,281.870,243.721,0.347,0.055,0.351,7.6839,0.08207
4622,1,340.379,246.712,341.287,246.302,0.908,-0.410,0.997,7.6839,0.08207
4623,0,282.096,243.337,282.617,243.097,0.521,-0.240,0.574,7.7711,0.08225
4623,1,340.991,246.305,342.037,245.721,1.046,-0.585,1.198,7.7711,0.08225
4624,0,282.380,242.497,282.825,242.305,0.445,-0.192,0.485,7.7934,0.08223
4624,1,341.508,245.439,342.242,244.932,0.734,-0.506,0.892,7.7934,0.08223
4625,0,282.349,242.491,282.811,242.294,0.462,-0.197,0.502,7.7930,0.08225
4625,1,341.436,245.464,342.229,244.924,0.794,-0.540,0.960,7.7930,0.08225
4626,0,281.806,242.664,282.530,242.604,0.724,-0.059,0.727,7.7654,0.08227
4626,1,341.038,245.719,341.949,245.253,0.911,-0.465,1.023,7.7654,0.08227
4627,0,281.753,242.792,282.458,242.691,0.705,-0.101,0.712,7.7592,0.08226
4627,1,340.872,245.790,341.876,245.352,1.004,-0.439,1.096,7.7592,0.08226
4628,0,281.724,242.449,282.268,242.199,0.544,-0.250,0.599,7.7377,0.08218
4628,1,340.635,245.499,341.682,244.877,1.047,-0.622,1.218,7.7377,0.08218
4629,0,281.534,241.827,282.022,241.874,0.487,0.047,0.490,7.7028,0.08201
4629,1,340.525,244.951,341.430,244.536,0.906,-0.415,0.996,7.7028,0.08201
4630,0,281.427,242.070,281.905,241.954,0.478,-0.116,0.492,7.6889,0.08198
4630,1,340.302,245.196,341.313,244.613,1.011,-0.584,1.167,7.6889,0.08198
4631,0,281.144,242.510,281.734,242.276,0.590,-0.234,0.635,7.6713,0.08196
4631,1,340.065,245.521,341.143,244.936,1.078,-0.586,1.227,7.6713,0.08196
4632,0,280.950,241.631,281.618,241.555,0.668,-0.076,0.672,7.6628,0.08203
4632,1,339.773,244.657,341.028,244.232,1.254,-0.425,1.324,7.6628,0.08203
4633,0,281.194,241.280,281.778,241.086,0.584,-0.194,0.616,7.6827,0.08201
4633,1,340.265,244.257,341.185,243.756,0.920,-0.501,1.047,7.6827,0.08201
4634,0,281.553,241.546,281.990,241.467,0.437,-0.080,0.444,7.7155,0.08197
4634,1,340.549,244.530,341.391,244.144,0.842,-0.386,0.927,7.7155,0.08197
4635,0,281.481,241.613,281.872,241.565,0.391,-0.048,0.394,7.7065,0.08206
4635,1,340.299,244.665,341.277,244.266,0.978,-0.399,1.056,7.7065,0.08206
4636,0,281.367,241.496,281.802,241.397,0.436,-0.099,0.447,7.6985,0.08209
4636,1,340.280,244.528,341.210,244.103,0.929,-0.425,1.022,7.6985,0.08209
4637,0,281.067,241.400,281.701,241.224,0.634,-0.176,0.658,7.6794,0.08218
4637,1,340.084,244.413,341.117,243.875,1.033,-0.538,1.165,7.6794,0.08218
4638,0,280.979,241.579,281.611,241.473,0.632,-0.106,0.641,7.6667,0.08220
4638,1,339.880,244.608,341.031,244.087,1.152,-0.521,1.264,7.6667,0.08220
4639,0,280.933,240.960,281.581,240.985,0.648,0.025,0.648,7.6644,0.08243
4639,1,339.859,244.153,341.014,243.600,1.155,-0.554,1.281,7.6644,0.08243
4640,0,280.905,240.922,281.529,240.953,0.624,0.031,0.624,7.6571,0.08253
4640,1,339.773,244.008,340.967,243.570,1.194,-0.438,1.271,7.6571,0.08253
4641,0,280.491,240.859,280.983,240.924,0.492,0.065,0.496,7.5937,0.08281
4641,1,339.477,243.875,340.438,243.548,0.961,-0.327,1.015,7.5937,0.08281
4642,0,279.884,240.726,280.623,240.706,0.739,-0.020,0.739,7.5522,0.08295
4642,1,338.967,243.685,340.088,243.329,1.121,-0.357,1.177,7.5522,0.08295
4643,0,279.728,240.707,280.512,240.710,0.784,0.003,0.784,7.5466,0.08305
4643,1,338.916,243.666,339.979,243.377,1.063,-0.289,1.101,7.5466,0.08305
4644,0,279.499,240.564,280.051,240.318,0.552,-0.246,0.605,7.4993,0.08326
4644,1,338.628,243.501,339.532,243.032,0.904,-0.469,1.018,7.4993,0.08326
4645,0,279.468,240.249,280.016,240.047,0.548,-0.202,0.584,7.4964,0.08333
4645,1,338.647,243.352,339.501,242.758,0.855,-0.594,1.041,7.4964,0.08333
4646,0,279.445,239.270,279.995,239.181,0.549,-0.089,0.557,7.4948,0.08354
4646,1,338.668,242.428,339.491,241.865,0.824,-0.564,0.998,7.4948,0.08354
4647,0,279.515,239.197,280.090,239.073,0.575,-0.123,0.588,7.5052,0.08365
4647,1,338.610,242.246,339.591,241.753,0.981,-0.494,1.098,7.5052,0.08365
4648,0,279.643,240.061,280.209,239.951,0.566,-0.110,0.576,7.5237,0.08406
4648,1,338.702,243.305,339.727,242.656,1.025,-0.649,1.213,7.5237,0.08406
4649,0,279.656,240.362,280.253,240.125,0.597,-0.237,0.642,7.5329,0.08422
4649,1,338.786,243.449,339.777,242.850,0.991,-0.599,1.158,7.5329,0.08422
4650,0,279.692,239.724,280.400,239.762,0.708,0.038,0.709,7.5592,0.08449
4650,1,338.932,243.098,339.933,242.542,1.001,-0.556,1.145,7.5592,0.08449
4651,0,279.946,238.808,280.542,238.876,0.596,0.068,0.600,7.5821,0.08466
4651,1,339.203,242.213,340.080,241.701,0.876,-0.511,1.014,7.5821,0.08466
4652,0,280.239,238.535,280.728,238.516,0.489,-0.019,0.490,7.5986,0.08478
4652,1,339.525,241.588,340.273,241.346,0.748,-0.241,0.786,7.5986,0.08478
4653,0,280.332,238.695,280.790,238.675,0.458,-0.020,0.458,7.6017,0.08494
4653,1,339.481,241.811,340.346,241.472,0.865,-0.339,0.929,7.6017,0.08494
4654,0,280.279,238.496,280.768,238.309,0.489,-0.186,0.523,7.5979,0.08498
4654,1,339.492,241.507,340.329,241.076,0.837,-0.431,0.941,7.5979,0.08498
4655,0,280.206,238.140,280.738,238.056,0.532,-0.084,0.539,7.5949,0.08499
4655,1,339.493,241.292,340.301,240.811,0.807,-0.481,0.940,7.5949,0.08499
4656,0,280.013,237.601,280.677,237.533,0.664,-0.068,0.667,7.5839,0.08502
4656,1,339.325,240.679,340.245,240.283,0.920,-0.395,1.001,7.5839,0.08502
4657,0,279.928,237.596,280.645,237.473,0.717,-0.123,0.727,7.5822,0.08505
4657,1,339.188,240.616,340.214,240.231,1.026,-0.385,1.096,7.5822,0.08505
4658,0,280.039,237.565,280.673,237.412,0.634,-0.153,0.653,7.5885,0.08511
4658,1,339.328,240.547,340.244,240.167,0.915,-0.380,0.991,7.5885,0.08511
4659,0,280.037,237.629,280.681,237.667,0.644,0.038,0.645,7.5924,0.08518
4659,1,339.385,240.733,340.251,240.415,0.867,-0.318,0.923,7.5924,0.08518
4660,0,280.083,237.966,280.688,237.972,0.605,0.007,0.605,7.5948,0.08534
4660,1,339.366,241.274,340.265,240.725,0.899,-0.548,1.053,7.5948,0.08534
4661,0,279.859,238.533,280.584,238.272,0.725,-0.262,0.771,7.5869,0.08551
4661,1,339.101,241.513,340.167,241.041,1.066,-0.472,1.166,7.5869,0.08551
4662,0,279.674,237.606,280.234,237.528,0.560,-0.078,0.565,7.5532,0.08539
4662,1,338.679,240.725,339.812,240.317,1.133,-0.408,1.204,7.5532,0.08539
4663,0,279.494,237.156,280.080,237.151,0.586,-0.004,0.586,7.5348,0.08523
4663,1,338.596,240.507,339.653,239.942,1.057,-0.564,1.199,7.5348,0.08523
4664,0,279.457,237.322,279.966,237.240,0.508,-0.082,0.515,7.5183,0.08515
4664,1,338.642,240.470,339.538,239.999,0.896,-0.471,1.012,7.5183,0.08515
4665,0,278.813,236.913,279.645,236.962,0.832,0.049,0.833,7.4846,0.08519
4665,1,338.291,240.298,339.222,239.729,0.931,-0.568,1.091,7.4846,0.08519
4666,0,278.896,235.902,279.677,235.950,0.781,0.048,0.783,7.4989,0.08546
4666,1,338.255,239.208,339.269,238.719,1.014,-0.489,1.126,7.4989,0.08546
4667,0,279.575,236.294,280.212,236.086,0.637,-0.208,0.670,7.5645,0.08566
4667,1,338.684,239.364,339.809,238.864,1.125,-0.501,1.231,7.5645,0.08566
4668,0,279.668,235.950,280.335,235.973,0.667,0.023,0.667,7.5840,0.08595
4668,1,338.847,239.274,339.945,238.762,1.098,-0.512,1.211,7.5840,0.08595
4669,0,279.504,235.519,280.071,235.337,0.567,-0.182,0.595,7.5603,0.08624
4669,1,338.608,238.537,339.698,238.130,1.090,-0.407,1.164,7.5603,0.08624
4670,0,279.413,235.197,279.950,235.118,0.537,-0.080,0.543,7.5474,0.08631
4670,1,338.646,238.435,339.583,237.901,0.938,-0.534,1.079,7.5474,0.08631
4671,0,278.834,234.937,279.612,234.949,0.779,0.011,0.779,7.5068,0.08650
4671,1,338.284,238.224,339.260,237.710,0.976,-0.514,1.103,7.5068,0.08650
4672,0,278.641,234.659,279.324,234.799,0.683,0.140,0.697,7.4738,0.08674
4672,1,337.694,237.966,338.988,237.551,1.294,-0.415,1.359,7.4738,0.08674
4673,0,278.637,234.595,279.264,234.555,0.626,-0.040,0.628,7.4720,0.08697
4673,1,337.658,237.664,338.940,237.312,1.282,-0.352,1.330,7.4720,0.08697
4674,0,278.721,234.369,279.374,234.238,0.653,-0.131,0.666,7.4955,0.08731
4674,1,337.912,237.546,339.064,237.030,1.152,-0.517,1.263,7.4955,0.08731
4675,0,278.746,233.973,279.440,234.047,0.695,0.074,0.699,7.5075,0.08741
4675,1,338.292,237.211,339.135,236.844,0.843,-0.367,0.919,7.5075,0.08741
4676,0,278.796,233.719,279.451,233.772,0.655,0.053,0.658,7.5174,0.08771
4676,1,338.266,236.834,339.160,236.587,0.894,-0.247,0.927,7.5174,0.08771
4677,0,278.763,233.649,279.390,233.611,0.627,-0.038,0.628,7.5128,0.08786
4677,1,338.230,236.696,339.108,236.436,0.877,-0.259,0.915,7.5128,0.08786
4678,0,278.777,232.943,279.532,232.955,0.755,0.012,0.755,7.5392,0.08818
4678,1,338.313,236.337,339.266,235.793,0.952,-0.544,1.097,7.5392,0.08818
4679,0,279.529,233.030,280.050,233.059,0.521,0.029,0.522,7.5965,0.08848
4679,1,338.729,236.427,339.796,235.881,1.068,-0.546,1.199,7.5965,0.08848
4680,0,279.669,233.549,280.294,233.434,0.625,-0.115,0.636,7.6110,0.08893
4680,1,338.980,236.619,340.067,236.186,1.087,-0.433,1.170,7.6110,0.08893
4681,0,279.676,233.545,280.293,233.387,0.618,-0.158,0.637,7.6094,0.08909
4681,1,338.933,236.596,340.076,236.138,1.144,-0.458,1.232,7.6094,0.08909
4682,0,279.664,232.285,280.319,232.187,0.655,-0.099,0.662,7.6340,0.08946
4682,1,339.123,235.541,340.121,234.991,0.999,-0.549,1.140,7.6340,0.08946
4683,0,279.632,231.381,280.249,231.213,0.617,-0.168,0.640,7.6381,0.08986
4683,1,338.890,234.480,340.076,234.035,1.186,-0.444,1.266,7.6381,0.08986
4684,0,279.661,231.485,280.340,231.428,0.679,-0.058,0.682,7.6453,0.09022
4684,1,339.178,234.544,340.185,234.226,1.007,-0.318,1.056,7.6453,0.09022
4685,0,279.663,231.478,280.480,231.351,0.818,-0.127,0.827,7.6639,0.09027
4685,1,339.468,234.510,340.326,234.152,0.858,-0.358,0.930,7.6639,0.09027
4686,0,279.621,231.659,280.211,231.699,0.590,0.040,0.591,7.6356,0.09034
4686,1,338.886,235.041,340.057,234.539,1.171,-0.503,1.275,7.6356,0.09034
4687,0,279.335,231.662,279.901,231.809,0.566,0.147,0.585,7.5999,0.09036
4687,1,338.630,235.180,339.749,234.654,1.119,-0.527,1.237,7.5999,0.09036
4688,0,278.887,231.611,279.736,231.569,0.849,-0.042,0.850,7.5843,0.09033
4688,1,338.638,234.637,339.585,234.397,0.948,-0.240,0.978,7.5843,0.09033
4689,0,278.915,231.674,279.752,231.640,0.837,-0.033,0.837,7.5847,0.09031
4689,1,338.643,234.793,339.600,234.467,0.957,-0.326,1.011,7.5847,0.09031
4690,0,279.375,231.651,279.915,231.682,0.540,0.031,0.541,7.6058,0.09027
4690,1,338.608,234.969,339.759,234.518,1.151,-0.451,1.237,7.6058,0.09027
4691,0,279.470,231.499,280.044,231.461,0.574,-0.038,0.575,7.6250,0.09026
4691,1,338.790,234.612,339.887,234.298,1.097,-0.313,1.141,7.6250,0.09026
4692,0,279.456,231.497,280.041,231.435,0.584,-0.062,0.588,7.6250,0.09028
4692,1,338.791,234.581,339.885,234.272,1.094,-0.309,1.137,7.6250,0.09028
4693,0,279.102,231.455,279.784,231.330,0.682,-0.124,0.694,7.5962,0.09043
4693,1,338.632,234.534,339.640,234.165,1.008,-0.369,1.073,7.5962,0.09043
4694,0,278.858,230.899,279.651,230.900,0.793,0.001,0.793,7.5876,0.09056
4694,1,338.585,234.251,339.516,233.732,0.931,-0.519,1.066,7.5876,0.09056
4695,0,278.876,230.586,279.724,230.560,0.848,-0.026,0.848,7.6023,0.09072
4695,1,338.660,233.696,339.598,233.380,0.938,-0.316,0.990,7.6023,0.09072
4696,0,279.301,230.771,279.893,230.760,0.592,-0.010,0.592,7.6214,0.09108
4696,1,338.637,233.980,339.784,233.573,1.147,-0.406,1.217,7.6214,0.09108
4697,0,279.452,230.587,280.076,230.595,0.624,0.008,0.624,7.6495,0.09153
4697,1,338.923,233.778,339.988,233.396,1.065,-0.383,1.132,7.6495,0.09153
4698,0,279.627,230.610,280.245,230.630,0.618,0.020,0.618,7.6721,0.09184
4698,1,338.996,233.775,340.170,233.434,1.174,-0.341,1.223,7.6721,0.09184
4699,0,279.625,230.562,280.259,230.508,0.633,-0.054,0.636,7.6787,0.09223
4699,1,339.122,233.705,340.206,233.290,1.084,-0.415,1.161,7.6787,0.09223
4700,0,279.436,230.537,279.981,230.341,0.545,-0.196,0.579,7.6517,0.09281
4700,1,338.826,233.545,339.963,233.080,1.137,-0.466,1.229,7.6517,0.09281
4701,0,278.782,229.693,279.551,229.810,0.769,0.117,0.778,7.6168,0.09373
4701,1,338.634,232.923,339.589,232.506,0.955,-0.417,1.042,7.6168,0.09373
4702,0,278.539,228.069,279.091,227.912,0.552,-0.157,0.574,7.6155,0.09524
4702,1,338.241,231.092,339.221,230.573,0.980,-0.519,1.108,7.6155,0.09524
4703,0,277.080,223.834,277.853,223.928,0.773,0.093,0.778,7.6096,0.09993
4703,1,336.945,226.908,338.258,226.571,1.313,-0.337,1.356,7.6096,0.09993
4704,0,276.670,223.228,277.581,223.068,0.912,-0.160,0.926,7.6434,0.10883
4704,1,337.378,226.065,338.468,225.647,1.090,-0.417,1.167,7.6434,0.10883
4705,0,277.197,222.700,277.973,222.746,0.776,0.046,0.778,7.7158,0.11274
4705,1,337.729,225.650,339.066,225.292,1.337,-0.358,1.384,7.7158,0.11274
4706,0,277.633,222.280,278.426,222.151,0.792,-0.129,0.803,7.8057,0.11709
4706,1,338.634,225.031,339.749,224.668,1.115,-0.363,1.173,7.8057,0.11709
4707,0,273.592,221.433,274.385,221.242,0.793,-0.192,0.816,7.4931,0.14853
4707,1,336.478,223.713,337.468,223.426,0.991,-0.287,1.031,7.4931,0.14853
4708,0,266.782,224.826,267.751,224.859,0.970,0.033,0.970,6.7150,0.17456
4708,1,331.236,227.456,332.363,227.063,1.127,-0.393,1.193,6.7150,0.17456
4709,0,262.653,229.556,263.650,229.614,0.996,0.058,0.998,6.2078,0.19430
4709,1,328.203,232.320,329.446,231.983,1.243,-0.337,1.288,6.2078,0.19430
4710,0,256.543,234.596,257.559,234.771,1.016,0.176,1.031,5.5787,0.22623
4710,1,324.046,237.590,325.380,237.353,1.333,-0.237,1.354,5.5787,0.22623
4711,0,255.167,235.462,256.375,235.376,1.208,-0.086,1.211,5.4956,0.23725
4711,1,323.538,238.372,324.901,238.063,1.363,-0.309,1.398,5.4956,0.23725
4712,0,253.588,235.824,254.871,236.166,1.283,0.341,1.328,5.5017,0.27062
4712,1,324.205,239.017,325.564,239.110,1.359,0.094,1.362,5.5017,0.27062
4713,0,253.574,236.704,254.921,237.194,1.347,0.489,1.433,5.5832,0.28181
4713,1,324.808,240.105,326.355,240.177,1.547,0.072,1.549,5.5832,0.28181
4714,0,253.927,235.568,255.588,235.855,1.661,0.287,1.686,5.9031,0.32803
4714,1,328.843,238.231,330.249,238.437,1.406,0.207,1.421,5.9031,0.32803
4715,0,255.129,234.885,256.730,235.270,1.601,0.386,1.646,6.1881,0.35190
4715,1,331.792,237.088,333.147,237.487,1.356,0.400,1.413,6.1881,0.35190
4716,0,255.958,234.671,257.702,235.164,1.744,0.494,1.812,6.4805,0.37600
4716,1,334.648,236.497,335.982,236.979,1.334,0.481,1.418,6.4805,0.37600
4717,0,256.790,233.456,258.766,233.693,1.976,0.237,1.991,6.7678,0.40023
4717,1,337.674,234.513,339.006,235.158,1.332,0.645,1.479,6.7678,0.40023
4718,0,257.643,232.615,259.661,232.966,2.018,0.351,2.048,6.9540,0.41233
4718,1,339.643,233.598,340.905,234.306,1.262,0.708,1.447,6.9540,0.41233
4719,0,259.550,230.654,261.668,231.139,2.117,0.485,2.172,7.5307,0.46124
4719,1,346.345,231.484,347.280,232.466,0.934,0.982,1.356,7.5307,0.46124
4720,0,259.161,228.266,261.317,228.738,2.156,0.472,2.207,7.6336,0.48602
4720,1,348.521,229.015,349.361,230.388,0.840,1.373,1.610,7.6336,0.48602
4721,0,258.550,227.456,260.819,227.989,2.269,0.533,2.331,7.7984,0.51062
4721,1,350.554,228.530,351.412,229.912,0.858,1.382,1.627,7.7984,0.51062
4722,0,257.327,227.816,259.676,228.592,2.349,0.776,2.474,7.9982,0.53521
4722,1,352.149,228.776,352.981,230.625,0.832,1.849,2.027,7.9982,0.53521
4723,0,250.457,230.326,253.279,231.051,2.822,0.725,2.914,8.2026,0.58410
4723,1,351.663,230.620,352.592,232.943,0.928,2.323,2.502,8.2026,0.58410
4724,0,243.857,230.501,247.277,231.303,3.420,0.802,3.513,8.2698,0.61990
4724,1,350.634,230.608,351.537,233.400,0.903,2.792,2.934,8.2698,0.61990
4725,0,240.168,231.557,243.742,232.591,3.574,1.034,3.721,8.4550,0.64349
4725,1,350.609,231.692,351.510,234.981,0.901,3.289,3.410,8.4550,0.64349
4726,0,238.392,232.306,242.170,233.361,3.779,1.056,3.923,8.5891,0.65518
4726,1,350.797,232.605,351.755,235.956,0.958,3.351,3.485,8.5891,0.65518
4727,0,234.707,233.403,239.049,234.583,4.343,1.181,4.500,8.8754,0.67826
4727,1,351.509,233.726,352.401,237.601,0.892,3.875,3.976,8.8754,0.67826
4728,0,228.456,235.423,233.194,236.904,4.738,1.480,4.964,9.3330,0.71248
4728,1,351.581,235.811,352.666,240.422,1.086,4.610,4.736,9.3330,0.71248
4729,0,221.897,233.511,227.288,235.236,5.391,1.725,5.660,9.3002,0.73502
4729,1,350.190,233.905,351.248,239.090,1.059,5.184,5.291,9.3002,0.73502
4730,0,215.224,227.382,220.985,229.330,5.761,1.948,6.081,8.9698,0.75744
4730,1,348.593,227.853,349.760,233.668,1.167,5.815,5.931,8.9698,0.75744
4731,0,211.770,223.632,217.977,225.770,6.207,2.138,6.565,8.7931,0.76863
4731,1,348.247,224.245,349.284,230.372,1.037,6.128,6.215,8.7931,0.76863
4732,0,201.595,211.393,208.640,214.004,7.045,2.611,7.513,8.2517,0.80209
4732,1,347.237,211.708,348.178,219.483,0.941,7.775,7.832,8.2517,0.80209
4733,0,197.838,206.428,197.879,206.261,0.041,-0.167,0.172,0.2341,0.01127
4733,1,346.729,206.911,346.818,206.985,0.089,0.075,0.116,0.2341,0.01127
4734,0,190.585,195.521,190.669,195.302,0.084,-0.219,0.235,0.7011,0.03363
4734,1,346.659,196.403,346.779,196.352,0.120,-0.051,0.130,0.7011,0.03363
4735,0,184.457,185.030,184.628,184.834,0.171,-0.196,0.260,0.9740,0.05554
4735,1,348.202,186.370,348.290,186.335,0.089,-0.036,0.096,0.9740,0.05554
4736,0,175.765,169.586,176.195,169.364,0.430,-0.222,0.484,1.2265,0.08702
4736,1,351.643,171.452,351.916,171.420,0.272,-0.031,0.274,1.2265,0.08702
4737,0,164.875,151.463,165.478,151.224,0.603,-0.239,0.649,1.5375,0.11718
4737,1,354.343,154.107,354.643,153.930,0.300,-0.176,0.348,1.5375,0.11718
4738,0,155.526,133.834,156.558,133.797,1.032,-0.038,1.033,1.6188,0.14450
4738,1,358.744,136.610,359.340,136.713,0.596,0.103,0.605,1.6188,0.14450
4739,0,152.806,128.457,153.942,128.559,1.136,0.102,1.140,1.6018,0.15290
4739,1,360.681,131.201,361.257,131.373,0.576,0.172,0.601,1.6018,0.15290
4740,0,138.385,106.377,139.588,106.826,1.203,0.449,1.284,1.5657,0.18347
4740,1,365.284,108.438,366.018,108.937,0.734,0.499,0.888,1.5657,0.18347
4741,0,130.298,94.472,131.694,95.424,1.396,0.952,1.690,1.6589,0.19646
4741,1,366.741,96.201,367.689,97.118,0.948,0.917,1.319,1.6589,0.19646
4742,0,121.552,86.533,123.258,88.470,1.706,1.937,2.582,1.5441,0.20719
4742,1,366.957,88.036,367.867,90.054,0.911,2.018,2.214,1.5441,0.20719
4743,0,111.556,82.803,114.225,85.587,2.670,2.783,3.857,1.4580,0.21558
4743,1,365.086,84.874,366.523,87.825,1.436,2.951,3.282,1.4580,0.21558
4744,0,102.299,83.754,106.021,87.276,3.722,3.522,5.124,1.2240,0.22481
4744,1,365.030,85.909,366.935,89.454,1.905,3.546,4.025,1.2240,0.22481
4745,0,100.521,86.393,104.449,89.859,3.928,3.465,5.238,1.0915,0.22709
4745,1,365.608,87.977,367.500,91.570,1.892,3.593,4.061,1.0915,0.22709
4746,0,93.751,94.283,97.865,97.804,4.113,3.521,5.414,1.2405,0.23205
4746,1,364.727,95.617,366.638,99.300,1.911,3.683,4.149,1.2405,0.23205
4747,0,88.521,97.125,92.831,100.545,4.310,3.420,5.502,1.5466,0.23429
4747,1,363.159,99.461,364.980,102.976,1.821,3.515,3.958,1.5466,0.23429
4748,0,86.437,98.655,90.839,102.156,4.403,3.500,5.625,1.6655,0.23534
4748,1,362.567,101.618,364.504,105.056,1.937,3.438,3.946,1.6655,0.23534
4749,0,81.333,105.668,86.153,109.292,4.821,3.623,6.031,1.9400,0.23837
4749,1,361.689,109.148,363.862,112.736,2.173,3.588,4.195,1.9400,0.23837
4750,0,78.984,112.176,84.187,115.725,5.204,3.549,6.299,2.1064,0.24025
4750,1,361.856,115.445,364.147,119.039,2.291,3.594,4.262,2.1064,0.24025
4751,0,76.635,122.565,81.540,125.193,4.906,2.628,5.565,2.3929,0.24339
4751,1,363.347,125.242,364.916,127.811,1.570,2.568,3.010,2.3929,0.24339
4752,0,75.353,126.837,80.202,129.541,4.849,2.704,5.552,2.4939,0.24564
4752,1,364.592,128.925,366.263,131.667,1.671,2.743,3.212,2.4939,0.24564
4753,0,74.006,131.406,79.186,133.900,5.180,2.495,5.749,2.6618,0.24791
4753,1,365.957,133.290,367.794,135.868,1.837,2.578,3.166,2.6618,0.24791
4754,0,69.215,134.980,73.971,136.519,4.756,1.539,4.999,3.0422,0.25278
4754,1,367.267,137.539,368.596,139.121,1.329,1.582,2.066,3.0422,0.25278
4755,0,64.573,132.655,69.801,134.187,5.228,1.532,5.447,3.2148,0.25531
4755,1,366.558,136.598,368.035,138.111,1.477,1.512,2.114,3.2148,0.25531
4756,0,61.157,129.791,66.700,131.442,5.543,1.651,5.784,3.3683,0.25798
4756,1,366.688,135.376,368.355,136.763,1.667,1.387,2.169,3.3683,0.25798
4757,0,57.453,122.867,63.370,124.353,5.917,1.487,6.101,3.3087,0.26182
4757,1,368.204,129.889,369.882,131.154,1.679,1.265,2.102,3.3087,0.26182
4758,0,56.453,119.591,62.430,121.067,5.977,1.476,6.156,3.2257,0.26301
4758,1,368.767,127.185,370.459,128.287,1.692,1.102,2.019,3.2257,0.26301
4759,0,54.327,112.730,60.471,114.686,6.144,1.956,6.448,3.1826,0.26581
4759,1,370.505,121.610,371.985,123.125,1.480,1.515,2.118,3.1826,0.26581
4760,0,52.521,111.421,58.890,113.302,6.369,1.881,6.641,3.3475,0.26723
4760,1,370.665,121.262,372.222,122.714,1.557,1.452,2.129,3.3475,0.26723
4761,0,49.516,109.543,56.048,111.394,6.532,1.851,6.789,3.5407,0.26860
4761,1,369.971,120.567,371.530,121.906,1.560,1.339,2.056,3.5407,0.26860
4762,0,45.629,105.510,52.532,107.147,6.903,1.637,7.095,3.6125,0.26992
4762,1,368.996,117.659,370.352,118.556,1.356,0.896,1.625,3.6125,0.26992
4763,0,41.964,101.541,49.410,103.501,7.447,1.959,7.700,3.6263,0.27146
4763,1,368.571,114.365,369.844,115.278,1.273,0.913,1.567,3.6263,0.27146
4764,0,36.350,97.583,44.730,99.789,8.380,2.205,8.665,3.7023,0.27463
4764,1,368.555,110.642,369.905,111.630,1.350,0.988,1.673,3.7023,0.27463
4765,0,34.477,94.792,43.274,97.380,8.797,2.588,9.170,3.7402,0.27613
4765,1,368.903,108.608,370.519,109.670,1.616,1.062,1.934,3.7402,0.27613
4766,0,33.060,91.109,42.405,93.937,9.345,2.829,9.763,3.7394,0.27747
4766,1,369.759,105.611,371.448,106.803,1.689,1.191,2.067,3.7394,0.27747
4767,0,32.604,89.673,42.075,92.596,9.472,2.923,9.912,3.7590,0.27812
4767,1,370.348,104.505,371.910,105.746,1.562,1.240,1.995,3.7590,0.27812
4768,0,31.667,88.306,41.484,91.297,9.818,2.992,10.263,3.8598,0.27943
4768,1,371.252,103.690,372.799,105.047,1.547,1.357,2.058,3.8598,0.27943
4769,0,30.768,84.325,40.954,87.224,10.186,2.898,10.590,3.8859,0.28149
4769,1,372.988,100.609,374.711,101.605,1.724,0.996,1.991,3.8859,0.28149
4770,0,30.594,81.701,40.902,85.004,10.308,3.303,10.825,3.8296,0.28213
4770,1,373.727,98.419,375.534,99.378,1.807,0.959,2.046,3.8296,0.28213
4771,0,30.649,76.428,41.395,80.186,10.746,3.758,11.384,3.6534,0.28335
4771,1,375.840,92.532,377.663,94.002,1.824,1.470,2.342,3.6534,0.28335
4772,0,31.801,75.517,42.428,79.347,10.626,3.829,11.295,3.5583,0.28349
4772,1,376.920,91.123,378.774,92.614,1.854,1.491,2.379,3.5583,0.28349
4773,0,32.720,75.467,43.165,79.190,10.445,3.723,11.088,3.4930,0.28334
4773,1,377.539,90.557,379.289,92.074,1.750,1.516,2.315,3.4930,0.28334
4774,0,37.710,76.808,47.712,81.060,10.003,4.253,10.869,3.2160,0.28082
4774,1,378.693,90.142,380.753,92.472,2.060,2.329,3.110,3.2160,0.28082
4775,0,42.580,80.729,51.865,84.627,9.285,3.898,10.070,3.0425,0.27813
4775,1,379.371,92.714,381.243,95.127,1.872,2.413,3.054,3.0425,0.27813
4776,0,45.523,83.553,54.381,87.076,8.858,3.523,9.533,2.9494,0.27638
4776,1,379.518,94.749,381.398,97.093,1.880,2.344,3.005,2.9494,0.27638
4777,0,52.330,89.751,60.142,92.980,7.812,3.229,8.453,2.7894,0.27190
4777,1,379.479,99.956,381.258,102.250,1.778,2.294,2.902,2.7894,0.27190
4778,0,65.324,102.298,71.630,104.688,6.306,2.390,6.744,2.5494,0.26252
4778,1,379.087,111.411,380.582,113.488,1.496,2.077,2.559,2.5494,0.26252
4779,0,75.505,110.658,81.018,112.738,5.513,2.079,5.892,2.3778,0.25445
4779,1,378.742,119.544,380.147,121.454,1.405,1.910,2.371,2.3778,0.25445
4780,0,86.269,119.506,90.949,121.232,4.680,1.725,4.988,2.2659,0.24481
4780,1,377.819,128.392,379.122,129.987,1.303,1.595,2.059,2.2659,0.24481
4781,0,92.098,124.043,96.415,125.543,4.317,1.501,4.570,2.2007,0.23943
4781,1,377.608,132.616,378.727,134.234,1.119,1.619,1.968,2.2007,0.23943
4782,0,104.690,132.893,108.470,134.078,3.781,1.185,3.962,2.0673,0.22742
4782,1,377.361,141.210,378.361,142.426,1.000,1.216,1.575,2.0673,0.22742
4783,0,122.723,144.617,125.509,145.485,2.786,0.868,2.918,2.1423,0.20670
4783,1,375.942,152.284,376.474,153.160,0.531,0.876,1.025,2.1423,0.20670
4784,0,134.268,152.723,136.462,153.478,2.194,0.755,2.320,2.3063,0.19131
4784,1,374.540,159.724,374.913,160.640,0.373,0.916,0.989,2.3063,0.19131
4785,0,146.435,161.282,148.243,161.786,1.808,0.504,1.877,2.4550,0.17478
4785,1,373.778,167.565,374.278,168.296,0.500,0.731,0.885,2.4550,0.17478
4786,0,158.074,166.266,159.640,166.647,1.565,0.381,1.611,2.9123,0.15745
4786,1,373.608,171.978,373.986,172.725,0.378,0.747,0.837,2.9123,0.15745
4787,0,163.161,166.930,164.593,167.479,1.432,0.550,1.534,3.2992,0.14840
4787,1,372.862,172.697,373.393,173.397,0.531,0.700,0.878,3.2992,0.14840
4788,0,179.231,170.484,180.120,170.886,0.889,0.402,0.976,4.3861,0.11987
4788,1,372.544,175.076,372.756,175.767,0.212,0.692,0.723,4.3861,0.11987
4789,0,193.576,175.463,194.345,175.700,0.769,0.237,0.804,5.2746,0.09054
4789,1,371.897,178.614,372.122,179.386,0.225,0.771,0.803,5.2746,0.09054
4790,0,197.999,176.557,198.548,176.943,0.549,0.386,0.671,5.5739,0.08092
4790,1,371.615,179.766,371.712,180.445,0.096,0.679,0.686,5.5739,0.08092
4791,0,210.574,180.168,210.873,180.589,0.298,0.420,0.515,6.3833,0.05464
4791,1,370.737,183.363,370.962,183.836,0.225,0.472,0.523,6.3833,0.05464
4792,0,219.268,181.658,219.215,182.264,-0.053,0.607,0.609,6.9463,0.04398
4792,1,371.474,184.576,371.253,185.362,-0.222,0.786,0.816,6.9463,0.04398
4793,0,222.789,182.103,222.927,182.521,0.138,0.419,0.441,7.2697,0.04303
4793,1,371.483,184.669,371.205,185.493,-0.278,0.824,0.870,7.2697,0.04303
4794,0,232.703,182.634,232.621,183.132,-0.081,0.498,0.505,8.1430,0.05882
4794,1,370.585,185.198,370.565,185.735,-0.020,0.537,0.537,8.1430,0.05882
4795,0,239.513,183.567,239.386,183.957,-0.127,0.390,0.410,8.6034,0.07816
4795,1,371.309,185.981,371.067,186.592,-0.242,0.611,0.657,8.6034,0.07816
4796,0,242.753,183.503,242.598,183.701,-0.154,0.198,0.251,8.8913,0.08901
4796,1,371.585,185.868,371.350,186.419,-0.235,0.551,0.599,8.8913,0.08901
4797,0,248.367,180.769,247.995,181.073,-0.371,0.303,0.480,9.6548,0.11201
4797,1,371.602,183.641,371.299,184.102,-0.303,0.461,0.551,9.6548,0.11201
4798,0,253.833,177.743,253.475,178.065,-0.359,0.322,0.482,10.4480,0.13644
4798,1,371.846,181.226,371.679,181.629,-0.167,0.403,0.436,10.4480,0.13644
4799,0,260.510,173.666,260.079,174.197,-0.430,0.532,0.684,11.5359,0.17419
4799,1,371.684,177.735,371.408,178.432,-0.277,0.697,0.750,11.5359,0.17419
4800,0,262.968,172.600,262.614,173.126,-0.354,0.525,0.633,12.1634,0.21199
4800,1,368.233,176.824,367.880,177.663,-0.354,0.839,0.910,12.1634,0.21199
4801,0,265.206,176.872,264.731,177.588,-0.475,0.715,0.859,12.1372,0.24960
4801,1,364.713,181.817,364.467,182.723,-0.246,0.906,0.938,12.1372,0.24960
4802,0,265.685,179.740,265.366,180.423,-0.319,0.683,0.754,11.9707,0.26205
4802,1,363.675,184.825,363.368,185.729,-0.307,0.905,0.955,11.9707,0.26205
4803,0,267.110,188.185,266.587,188.795,-0.523,0.610,0.803,11.4287,0.29873
4803,1,360.136,193.306,359.870,194.082,-0.265,0.777,0.821,11.4287,0.29873
4804,0,267.601,189.823,267.097,190.635,-0.504,0.812,0.956,11.3303,0.31050
4804,1,359.336,194.750,358.995,195.670,-0.341,0.921,0.982,11.3303,0.31050
4805,0,269.603,192.346,269.225,192.930,-0.378,0.584,0.695,11.2823,0.33315
4805,1,358.627,196.421,358.600,197.159,-0.027,0.738,0.739,11.2823,0.33315
4806,0,272.629,194.615,272.214,195.457,-0.415,0.842,0.939,11.2823,0.36390
4806,1,358.629,197.599,358.377,198.474,-0.253,0.875,0.910,11.2823,0.36390
4807,0,272.402,196.946,271.743,197.731,-0.660,0.785,1.025,11.1653,0.38208
4807,1,356.503,199.315,356.104,200.212,-0.400,0.897,0.982,11.1653,0.38208
4808,0,271.517,200.139,270.885,200.841,-0.632,0.702,0.945,10.9152,0.39837
4808,1,353.839,202.112,353.669,203.018,-0.170,0.906,0.922,10.9152,0.39837
4809,0,274.193,206.639,273.592,207.523,-0.601,0.884,1.069,10.2630,0.42000
4809,1,354.517,208.772,354.267,209.749,-0.250,0.977,1.009,10.2630,0.42000
4810,0,276.780,212.365,276.398,213.018,-0.383,0.654,0.758,9.7002,0.43873
4810,1,355.661,214.632,355.304,215.631,-0.357,0.999,1.061,9.7002,0.43873
4811,0,278.801,213.319,278.438,213.929,-0.363,0.610,0.710,9.6451,0.44941
4811,1,356.614,215.825,356.380,216.783,-0.233,0.958,0.986,9.6451,0.44941
4812,0,282.676,211.655,282.152,212.394,-0.523,0.739,0.906,9.9079,0.45928
4812,1,359.512,214.542,359.229,215.443,-0.283,0.901,0.944,9.9079,0.45928
4813,0,286.955,209.454,286.475,210.169,-0.480,0.715,0.861,10.2925,0.46866
4813,1,362.900,212.574,362.753,213.521,-0.148,0.946,0.958,10.2925,0.46866
4814,0,289.842,207.585,289.259,208.367,-0.584,0.782,0.976,10.6243,0.48223
4814,1,364.747,211.278,364.415,212.087,-0.332,0.809,0.874,10.6243,0.48223
4815,0,289.569,206.514,288.823,207.175,-0.747,0.662,0.998,10.7603,0.48669
4815,1,364.025,209.865,363.637,210.889,-0.388,1.024,1.095,10.7603,0.48669
4816,0,287.874,204.441,287.285,205.129,-0.589,0.688,0.906,10.9826,0.49529
4816,1,361.792,207.617,361.458,208.717,-0.335,1.100,1.150,10.9826,0.49529
4817,0,284.645,206.743,284.024,207.664,-0.621,0.921,1.111,10.6853,0.51068
4817,1,357.480,209.722,357.037,210.923,-0.443,1.201,1.280,10.6853,0.51068
4818,0,281.965,207.626,281.382,208.587,-0.583,0.962,1.125,10.5931,0.52101
4818,1,353.919,210.494,353.675,211.362,-0.244,0.868,0.902,10.5931,0.52101
4819,0,281.479,206.855,280.848,207.775,-0.632,0.920,1.116,10.7101,0.52425
4819,1,353.307,209.454,352.931,210.352,-0.377,0.898,0.974,10.7101,0.52425
4820,0,281.434,203.589,280.842,204.425,-0.592,0.836,1.024,11.2094,0.53385
4820,1,352.607,205.534,352.313,206.437,-0.294,0.903,0.950,11.2094,0.53385
4821,0,281.572,202.564,280.967,203.362,-0.605,0.799,1.002,11.3721,0.53701
4821,1,352.543,204.369,352.236,205.214,-0.306,0.845,0.899,11.3721,0.53701
4822,0,281.637,201.329,281.074,202.012,-0.563,0.683,0.885,11.6000,0.54314
4822,1,352.443,202.567,351.946,203.603,-0.497,1.037,1.150,11.6000,0.54314
4823,0,281.492,199.765,280.731,200.735,-0.760,0.971,1.233,11.8492,0.55168
4823,1,351.581,200.920,351.059,201.951,-0.522,1.031,1.156,11.8492,0.55168
4824,0,281.493,199.352,280.759,200.133,-0.734,0.782,1.072,11.9550,0.55443
4824,1,351.450,200.282,350.915,201.230,-0.535,0.949,1.089,11.9550,0.55443
4825,0,281.304,197.726,280.548,198.673,-0.755,0.948,1.212,12.2183,0.56248
4825,1,350.555,198.553,350.204,199.514,-0.352,0.960,1.023,12.2183,0.56248
4826,0,280.563,196.652,279.876,197.613,-0.686,0.961,1.181,12.3743,0.56778
4826,1,349.587,197.497,349.205,198.459,-0.382,0.961,1.034,12.3743,0.56778
4827,0,280.450,195.859,279.644,196.805,-0.806,0.946,1.243,12.4862,0.57030
4827,1,349.387,196.648,348.823,197.668,-0.563,1.020,1.165,12.4862,0.57030
4828,0,279.799,192.687,279.272,193.564,-0.527,0.877,1.023,12.9359,0.57763
4828,1,348.435,193.498,348.039,194.335,-0.397,0.837,0.926,12.9359,0.57763
4829,0,279.957,192.166,279.440,192.946,-0.516,0.780,0.935,13.0277,0.57999
4829,1,348.440,192.606,348.068,193.727,-0.372,1.121,1.181,13.0277,0.57999
4830,0,280.911,191.561,280.267,192.429,-0.644,0.868,1.081,13.1098,0.58459
4830,1,349.025,192.371,348.605,193.352,-0.420,0.981,1.067,13.1098,0.58459
4831,0,282.221,190.872,281.348,191.816,-0.872,0.945,1.286,13.2078,0.58912
4831,1,349.811,191.769,349.404,192.899,-0.407,1.130,1.201,13.2078,0.58912
4832,0,283.157,189.982,282.352,190.883,-0.805,0.901,1.209,13.3516,0.59346
4832,1,350.621,191.158,350.149,192.099,-0.472,0.941,1.053,13.3516,0.59346
4833,0,284.627,188.573,283.883,189.425,-0.745,0.852,1.132,13.5716,0.59960
4833,1,351.766,189.723,351.320,190.838,-0.446,1.115,1.201,13.5716,0.59960
4834,0,285.603,187.556,284.880,188.372,-0.722,0.816,1.090,13.7273,0.60358
4834,1,352.655,188.707,352.090,189.852,-0.565,1.144,1.276,13.7273,0.60358
4835,0,286.427,186.586,285.470,187.456,-0.958,0.871,1.294,13.8677,0.60736
4835,1,352.827,188.023,352.468,189.026,-0.360,1.004,1.066,13.8677,0.60736
4836,0,286.628,185.771,285.877,186.778,-0.751,1.007,1.256,13.9849,0.61089
4836,1,353.290,187.552,352.679,188.421,-0.610,0.870,1.063,13.9849,0.61089
4837,0,287.381,185.463,286.427,186.220,-0.954,0.758,1.219,14.0925,0.61415
4837,1,353.589,186.883,353.049,187.902,-0.541,1.019,1.154,14.0925,0.61415
4838,0,287.838,184.599,287.183,185.359,-0.654,0.760,1.002,14.2391,0.61711
4838,1,354.172,186.233,353.647,187.115,-0.525,0.882,1.027,14.2391,0.61711
4839,0,288.893,182.247,288.106,182.986,-0.787,0.740,1.080,14.5803,0.62093
4839,1,354.937,183.784,354.391,184.836,-0.547,1.052,1.186,14.5803,0.62093
4840,0,289.271,180.403,288.347,181.167,-0.923,0.763,1.198,14.8317,0.62308
4840,1,355.192,181.941,354.548,182.973,-0.644,1.031,1.216,14.8317,0.62308
4841,0,289.143,179.495,288.267,180.254,-0.877,0.760,1.160,14.9554,0.62404
4841,1,354.942,181.233,354.434,182.031,-0.508,0.798,0.946,14.9554,0.62404
4842,0,288.574,176.715,287.688,177.579,-0.886,0.864,1.238,15.2978,0.62642
4842,1,354.331,178.583,353.776,179.422,-0.556,0.839,1.006,15.2978,0.62642
4843,0,287.751,175.543,287.088,176.271,-0.663,0.728,0.985,15.4682,0.62887
4843,1,353.566,177.485,353.060,178.411,-0.507,0.925,1.055,15.4682,0.62887
4844,0,287.653,175.203,287.051,175.955,-0.602,0.751,0.963,15.5147,0.63040
4844,1,353.538,177.368,352.939,178.309,-0.599,0.941,1.115,15.5147,0.63040
4845,0,287.593,174.534,286.941,175.309,-0.652,0.776,1.013,15.5960,0.63114
4845,1,353.436,176.711,352.798,177.764,-0.638,1.053,1.231,15.5960,0.63114
4846,0,287.618,173.040,286.916,173.800,-0.702,0.760,1.034,15.7794,0.63165
4846,1,353.361,175.517,352.777,176.292,-0.584,0.775,0.971,15.7794,0.63165
4847,0,287.632,171.161,286.949,171.913,-0.683,0.752,1.015,16.0051,0.63196
4847,1,353.442,173.455,352.837,174.336,-0.605,0.881,1.069,16.0051,0.63196
4848,0,287.887,169.555,287.189,170.348,-0.699,0.793,1.057,16.1981,0.63218
4848,1,353.614,171.586,353.109,172.659,-0.505,1.073,1.186,16.1981,0.63218
4849,0,288.270,169.521,287.421,170.257,-0.848,0.737,1.123,16.2101,0.63217
4849,1,353.766,171.568,353.345,172.553,-0.421,0.985,1.071,16.2101,0.63217
4850,0,288.752,169.514,288.008,170.178,-0.744,0.664,0.997,16.2259,0.63217
4850,1,354.510,171.555,353.935,172.466,-0.575,0.910,1.077,16.2259,0.63217
4851,0,289.291,169.363,288.378,170.047,-0.912,0.684,1.140,16.2479,0.63219
4851,1,354.655,171.510,354.307,172.354,-0.349,0.844,0.913,16.2479,0.63219
4852,0,290.422,169.328,289.479,170.076,-0.943,0.749,1.204,16.2776,0.63245
4852,1,355.885,171.591,355.388,172.564,-0.497,0.974,1.093,16.2776,0.63245
4853,0,290.815,169.726,290.038,170.556,-0.776,0.830,1.136,16.2413,0.63299
4853,1,356.518,172.370,355.903,173.158,-0.615,0.789,1.000,16.2413,0.63299
4854,0,290.968,170.232,290.237,170.930,-0.732,0.698,1.011,16.2035,0.63326
4854,1,356.599,172.617,356.079,173.548,-0.520,0.930,1.066,16.2035,0.63326
4855,0,291.216,170.493,290.334,171.092,-0.883,0.599,1.067,16.1864,0.63350
4855,1,356.685,172.779,356.158,173.731,-0.527,0.952,1.088,16.1864,0.63350
4856,0,291.341,169.823,290.395,170.578,-0.946,0.755,1.210,16.2522,0.63391
4856,1,356.692,172.529,356.208,173.201,-0.484,0.672,0.828,16.2522,0.63391
4857,0,291.449,169.365,290.482,170.077,-0.967,0.712,1.201,16.3285,0.63439
4857,1,356.772,171.642,356.286,172.613,-0.486,0.971,1.086,16.3285,0.63439
4858,0,290.746,169.967,289.990,170.801,-0.756,0.834,1.126,16.2566,0.63509
4858,1,356.433,172.369,355.753,173.142,-0.680,0.772,1.029,16.2566,0.63509
4859,0,290.377,169.886,289.453,170.661,-0.924,0.775,1.206,16.2650,0.63516
4859,1,355.664,172.175,355.217,172.927,-0.448,0.751,0.875,16.2650,0.63516
4860,0,290.339,169.575,289.415,170.256,-0.924,0.681,1.148,16.3090,0.63525
4860,1,355.634,171.573,355.181,172.506,-0.452,0.933,1.037,16.3090,0.63525
4861,0,290.613,168.362,289.887,169.062,-0.726,0.699,1.008,16.4447,0.63551
4861,1,356.184,170.475,355.652,171.410,-0.531,0.935,1.075,16.4447,0.63551
4862,0,290.936,167.901,290.169,168.840,-0.766,0.939,1.212,16.4643,0.63569
4862,1,356.545,170.370,355.925,171.190,-0.620,0.819,1.027,16.4643,0.63569
4863,0,290.656,167.564,289.882,168.358,-0.774,0.794,1.109,16.5165,0.63570
4863,1,356.277,169.758,355.645,170.718,-0.632,0.960,1.149,16.5165,0.63570
4864,0,290.393,167.244,289.452,168.006,-0.941,0.762,1.211,16.5649,0.63599
4864,1,355.614,169.466,355.212,170.287,-0.402,0.821,0.915,16.5649,0.63599
4865,0,290.307,167.492,289.362,168.346,-0.945,0.854,1.274,16.5300,0.63626
4865,1,355.635,169.592,355.102,170.583,-0.533,0.991,1.125,16.5300,0.63626
4866,0,289.776,167.647,289.106,168.513,-0.669,0.866,1.094,16.5080,0.63635
4866,1,355.424,169.727,354.838,170.750,-0.586,1.022,1.178,16.5080,0.63635
4867,0,289.593,167.591,288.785,168.410,-0.808,0.819,1.151,16.5101,0.63626
4867,1,354.885,169.711,354.525,170.637,-0.361,0.925,0.993,16.5101,0.63626
4868,0,288.952,166.713,288.265,167.540,-0.687,0.827,1.076,16.5921,0.63613
4868,1,354.595,168.729,354.031,169.728,-0.563,0.999,1.147,16.5921,0.63613
4869,0,288.673,165.595,287.933,166.342,-0.740,0.747,1.052,16.7203,0.63609
4869,1,354.373,167.611,353.726,168.542,-0.646,0.931,1.134,16.7203,0.63609
4870,0,288.439,164.451,287.551,165.255,-0.887,0.804,1.198,16.8425,0.63611
4870,1,353.813,166.548,353.369,167.427,-0.443,0.879,0.985,16.8425,0.63611
4871,0,288.400,164.474,287.484,165.276,-0.916,0.802,1.218,16.8427,0.63612
4871,1,353.732,166.546,353.303,167.418,-0.430,0.871,0.971,16.8427,0.63612
4872,0,287.772,164.680,287.055,165.566,-0.717,0.886,1.140,16.8165,0.63591
4872,1,353.542,166.602,352.886,167.634,-0.656,1.032,1.223,16.8165,0.63591
4873,0,287.568,164.458,286.743,165.210,-0.824,0.753,1.116,16.8653,0.63571
4873,1,353.099,166.465,352.599,167.261,-0.500,0.795,0.940,16.8653,0.63571
4874,0,287.555,164.185,286.703,164.972,-0.852,0.787,1.160,16.8987,0.63565
4874,1,352.994,166.152,352.569,167.013,-0.425,0.861,0.960,16.8987,0.63565
4875,0,287.597,164.449,286.828,165.246,-0.768,0.797,1.107,16.8807,0.63533
4875,1,353.280,166.440,352.709,167.302,-0.572,0.862,1.035,16.8807,0.63533
4876,0,287.627,164.530,286.894,165.369,-0.733,0.839,1.114,16.8682,0.63525
4876,1,353.427,166.527,352.776,167.441,-0.651,0.914,1.122,16.8682,0.63525
4877,0,287.713,164.454,286.973,165.242,-0.740,0.788,1.081,16.8851,0.63520
4877,1,353.551,166.523,352.860,167.328,-0.691,0.804,1.061,16.8851,0.63520
4878,0,288.337,163.589,287.320,164.473,-1.017,0.883,1.347,16.9793,0.63473
4878,1,353.793,165.596,353.254,166.537,-0.539,0.941,1.084,16.9793,0.63473
4879,0,288.224,163.547,287.261,164.401,-0.963,0.854,1.287,16.9872,0.63461
4879,1,353.715,165.609,353.205,166.479,-0.511,0.870,1.009,16.9872,0.63461
4880,0,287.798,163.500,287.065,164.228,-0.733,0.728,1.033,17.0083,0.63436
4880,1,353.620,165.366,353.030,166.327,-0.591,0.961,1.128,17.0083,0.63436
4881,0,287.671,162.630,286.939,163.525,-0.732,0.895,1.156,17.0980,0.63412
4881,1,353.561,164.588,352.937,165.615,-0.624,1.028,1.202,17.0980,0.63412
4882,0,287.847,161.963,287.126,162.951,-0.721,0.988,1.223,17.1750,0.63366
4882,1,353.660,163.964,353.165,165.068,-0.495,1.103,1.209,17.1750,0.63366
4883,0,288.065,162.137,287.255,163.049,-0.810,0.913,1.220,17.1704,0.63351
4883,1,353.783,164.340,353.299,165.213,-0.485,0.873,0.999,17.1704,0.63351
4884,0,287.948,162.566,287.251,163.362,-0.697,0.796,1.058,17.1356,0.63322
4884,1,353.778,164.633,353.303,165.592,-0.475,0.959,1.070,17.1356,0.63322
4885,0,287.627,161.615,286.900,162.527,-0.727,0.912,1.166,17.2334,0.63304
4885,1,353.635,163.711,352.986,164.721,-0.649,1.010,1.200,17.2334,0.63304
4886,0,287.459,161.299,286.554,162.125,-0.904,0.826,1.225,17.2826,0.63284
4886,1,353.158,163.347,352.668,164.241,-0.490,0.894,1.019,17.2826,0.63284
4887,0,287.444,161.471,286.486,162.339,-0.958,0.867,1.292,17.2562,0.63241
4887,1,353.195,163.521,352.619,164.482,-0.576,0.961,1.120,17.2562,0.63241
4888,0,287.628,160.792,286.826,161.780,-0.802,0.987,1.272,17.3271,0.63231
4888,1,353.622,162.939,352.974,163.973,-0.648,1.035,1.221,17.3271,0.63231
4889,0,287.768,160.509,286.951,161.356,-0.817,0.848,1.177,17.3809,0.63234
4889,1,353.643,162.580,353.107,163.556,-0.535,0.976,1.113,17.3809,0.63234
4890,0,287.797,160.522,287.003,161.375,-0.794,0.853,1.165,17.3801,0.63234
4890,1,353.657,162.584,353.158,163.579,-0.499,0.995,1.113,17.3801,0.63234
4891,0,287.813,160.546,287.907,160.518,0.093,-0.027,0.097,0.0000,0.00018
4891,1,353.752,162.589,354.058,162.581,0.306,-0.008,0.306,0.0000,0.00018
4892,0,287.705,160.488,287.728,160.421,0.023,-0.067,0.071,0.0000,0.00022
4892,1,353.616,162.578,353.885,162.498,0.269,-0.080,0.281,0.0000,0.00022
4893,0,287.567,160.107,287.601,160.164,0.035,0.057,0.066,0.0396,0.00036
4893,1,353.625,162.305,353.770,162.244,0.145,-0.060,0.158,0.0396,0.00036
4894,0,287.607,159.875,287.645,160.007,0.038,0.132,0.137,0.0560,0.00045
4894,1,353.631,162.108,353.823,162.084,0.191,-0.024,0.193,0.0560,0.00045
4895,0,287.651,159.693,287.658,159.837,0.007,0.144,0.144,0.0791,0.00086
4895,1,353.620,161.735,353.866,161.912,0.246,0.177,0.303,0.0791,0.00086
4896,0,287.526,159.568,287.471,159.677,-0.055,0.109,0.122,0.1119,0.00099
4896,1,353.565,161.572,353.690,161.762,0.125,0.190,0.227,0.1119,0.00099
4897,0,287.255,159.086,287.172,159.121,-0.084,0.035,0.091,0.1769,0.00135
4897,1,353.162,161.227,353.430,161.171,0.267,-0.056,0.273,0.1769,0.00135
4898,0,286.608,158.408,286.617,158.380,0.009,-0.028,0.029,0.2825,0.00182
4898,1,352.628,160.445,352.927,160.371,0.299,-0.073,0.308,0.2825,0.00182
4899,0,286.320,157.151,286.284,157.152,-0.036,0.002,0.036,0.4224,0.00225
4899,1,352.494,159.225,352.651,159.137,0.157,-0.088,0.180,0.4224,0.00225
4900,0,286.469,155.061,286.354,155.042,-0.115,-0.019,0.117,0.6441,0.00310
4900,1,352.536,157.133,352.822,157.073,0.286,-0.060,0.292,0.6441,0.00310
4901,0,287.739,155.280,287.941,155.298,0.202,0.018,0.203,0.6367,0.00430
4901,1,354.263,157.398,354.465,157.389,0.202,-0.009,0.202,0.6367,0.00430
4902,0,288.605,156.798,288.587,156.960,-0.018,0.162,0.163,0.5051,0.00610
4902,1,354.857,158.947,355.168,159.030,0.311,0.083,0.322,0.5051,0.00610
4903,0,288.567,157.684,288.482,157.851,-0.085,0.167,0.187,0.4224,0.00729
4903,1,354.836,159.857,355.109,159.903,0.272,0.046,0.276,0.4224,0.00729
4904,0,287.769,158.495,287.884,158.416,0.116,-0.079,0.140,0.3733,0.01212
4904,1,354.592,160.540,354.785,160.478,0.193,-0.062,0.203,0.3733,0.01212
4905,0,288.410,157.491,288.395,157.320,-0.015,-0.170,0.171,0.5352,0.01690
4905,1,355.439,159.633,355.607,159.534,0.169,-0.098,0.195,0.5352,0.01690
4906,0,288.669,156.631,288.805,156.496,0.136,-0.135,0.192,0.6609,0.01994
4906,1,355.736,159.030,356.220,158.788,0.484,-0.242,0.541,0.6609,0.01994
4907,0,286.802,152.311,286.878,152.212,0.077,-0.098,0.125,1.0712,0.03741
4907,1,355.294,154.505,355.504,154.413,0.210,-0.092,0.229,1.0712,0.03741
4908,0,285.373,154.201,285.352,154.309,-0.020,0.109,0.111,0.8137,0.04972
4908,1,354.473,156.459,354.711,156.460,0.237,0.001,0.237,0.8137,0.04972
4909,0,284.526,160.722,284.454,160.913,-0.072,0.191,0.204,0.1978,0.06447
4909,1,354.316,162.809,354.606,162.828,0.291,0.018,0.291,0.1978,0.06447
4910,0,283.813,170.092,284.091,170.043,0.278,-0.049,0.282,1.0950,0.08128
4910,1,354.642,171.772,355.150,171.671,0.508,-0.101,0.518,1.0950,0.08128
4911,0,283.870,180.199,284.053,180.001,0.183,-0.198,0.270,2.2262,0.10002
4911,1,355.770,181.930,356.181,181.677,0.411,-0.254,0.483,2.2262,0.10002
4912,0,283.414,195.741,283.612,195.644,0.197,-0.096,0.220,4.1073,0.14315
4912,1,358.277,197.811,358.594,197.537,0.317,-0.274,0.419,4.1073,0.14315
4913,0,283.120,201.426,283.349,201.139,0.229,-0.287,0.367,4.8095,0.16699
4913,1,359.690,203.500,360.104,203.055,0.414,-0.445,0.608,4.8095,0.16699
4914,0,280.574,206.804,280.671,206.630,0.097,-0.174,0.199,5.5199,0.19221
4914,1,359.142,209.233,359.429,208.704,0.287,-0.529,0.602,5.5199,0.19221
4915,0,274.545,212.983,274.648,212.623,0.103,-0.360,0.375,6.3227,0.21863
4915,1,355.505,215.498,355.670,214.851,0.165,-0.647,0.667,6.3227,0.21863
4916,0,264.560,219.560,264.909,219.116,0.349,-0.444,0.565,7.3610,0.26002
4916,1,349.466,222.329,349.850,221.622,0.384,-0.707,0.804,7.3610,0.26002
4917,0,261.148,220.883,261.582,220.524,0.434,-0.359,0.563,7.7172,0.28807
4917,1,348.852,223.882,349.378,223.264,0.526,-0.618,0.811,7.7172,0.28807
4918,0,258.291,222.802,258.815,222.266,0.524,-0.536,0.750,8.1794,0.32996
4918,1,350.704,225.882,351.200,225.206,0.496,-0.676,0.839,8.1794,0.32996
4919,0,256.955,222.485,257.794,221.631,0.839,-0.854,1.197,8.2636,0.35760
4919,1,353.063,225.373,353.469,224.571,0.406,-0.802,0.899,8.2636,0.35760
4920,0,254.572,222.199,255.440,221.241,0.868,-0.959,1.293,8.5002,0.39840
4920,1,355.918,225.064,356.428,224.329,0.510,-0.735,0.894,8.5002,0.39840
4921,0,252.781,221.626,253.715,220.877,0.934,-0.749,1.197,8.5693,0.41196
4921,1,356.345,224.609,356.623,224.048,0.278,-0.561,0.626,8.5693,0.41196
4922,0,244.524,216.787,245.418,215.779,0.893,-1.007,1.346,8.4456,0.45221
4922,1,354.389,220.495,354.594,219.672,0.204,-0.824,0.849,8.4456,0.45221
4923,0,236.396,211.192,237.490,210.056,1.094,-1.136,1.577,8.3420,0.49172
4923,1,353.321,215.631,353.583,215.124,0.263,-0.507,0.571,8.3420,0.49172
4924,0,228.657,208.348,230.326,207.130,1.669,-1.218,2.066,8.5002,0.52974
4924,1,353.619,213.177,353.905,212.694,0.286,-0.483,0.561,8.5002,0.52974
4925,0,221.370,205.714,223.123,204.522,1.753,-1.192,2.120,8.6569,0.56620
4925,1,354.519,210.253,354.840,209.898,0.321,-0.355,0.478,8.6569,0.56620
4926,0,214.717,205.542,216.744,204.102,2.028,-1.440,2.487,8.9829,0.58937
4926,1,353.865,209.458,354.270,209.132,0.405,-0.326,0.520,8.9829,0.58937
4927,0,210.826,205.688,212.916,204.432,2.090,-1.256,2.438,9.2248,0.60067
4927,1,353.348,209.428,353.490,209.271,0.142,-0.157,0.212,9.2248,0.60067
4928,0,202.306,207.557,204.544,206.092,2.238,-1.464,2.675,9.8484,0.62260
4928,1,351.369,210.550,351.468,210.603,0.099,0.054,0.112,9.8484,0.62260
4929,0,192.744,210.511,195.344,208.914,2.600,-1.597,3.051,10.6327,0.64381
4929,1,348.800,212.932,349.014,213.247,0.214,0.315,0.381,10.6327,0.64381
4930,0,183.805,213.591,186.768,211.850,2.963,-1.741,3.436,11.4398,0.66456
4930,1,347.457,215.763,347.570,216.313,0.113,0.550,0.562,11.4398,0.66456
4931,0,176.212,214.254,179.462,212.439,3.251,-1.815,3.723,11.9903,0.68456
4931,1,347.483,216.622,347.641,217.382,0.158,0.760,0.776,11.9903,0.68456
4932,0,164.369,211.462,168.161,209.451,3.791,-2.010,4.291,12.5014,0.71317
4932,1,347.779,214.576,348.128,215.654,0.349,1.077,1.133,12.5014,0.71317
4933,0,155.317,207.457,159.609,205.387,4.292,-2.071,4.766,12.7024,0.73179
4933,1,347.837,211.122,348.225,212.603,0.388,1.481,1.531,12.7024,0.73179
4934,0,150.766,205.222,155.492,203.111,4.726,-2.111,5.176,12.7851,0.74086
4934,1,348.476,208.943,348.579,210.803,0.103,1.860,1.863,12.7851,0.74086
4935,0,137.356,196.087,142.843,194.021,5.487,-2.065,5.863,12.8371,0.76642
4935,1,349.594,200.379,349.783,203.179,0.189,2.801,2.807,12.8371,0.76642
4936,0,118.779,181.202,125.534,179.220,6.756,-1.982,7.040,12.8745,0.79760
4936,1,352.030,186.384,352.115,191.051,0.085,4.667,4.668,12.8745,0.79760
4937,0,110.907,173.005,118.387,171.154,7.480,-1.851,7.706,12.8614,0.81188
4937,1,354.859,178.516,354.855,184.255,-0.004,5.739,5.739,12.8614,0.81188
4938,0,100.194,157.473,108.644,155.759,8.450,-1.714,8.622,12.5565,0.83160
4938,1,360.607,162.528,360.154,170.249,-0.453,7.721,7.734,12.5565,0.83160
4939,0,93.648,143.666,102.994,142.308,9.346,-1.358,9.444,12.1320,0.84347
4939,1,365.382,148.803,364.459,158.382,-0.922,9.579,9.623,12.1320,0.84347
4940,0,91.162,137.403,100.828,136.246,9.666,-1.157,9.735,11.9914,0.84901
4940,1,368.147,142.504,367.024,153.239,-1.123,10.735,10.794,11.9914,0.84901
4941,0,86.517,122.597,97.230,122.374,10.713,-0.222,10.715,11.8135,0.86366
4941,1,377.977,127.665,376.084,141.283,-1.893,13.618,13.749,11.8135,0.86366
4942,0,82.027,113.527,92.874,113.521,10.847,-0.006,10.847,11.6844,0.87187
4942,1,382.660,118.527,379.981,133.753,-2.679,15.227,15.461,11.6844,0.87187
4943,0,73.687,104.774,85.241,105.562,11.554,0.788,11.581,11.7059,0.87938
4943,1,384.470,111.207,381.081,128.244,-3.390,17.037,17.371,11.7059,0.87938
4944,0,69.332,101.150,81.357,102.100,12.024,0.950,12.062,11.7539,0.88289
4944,1,384.944,108.395,381.465,126.211,-3.479,17.815,18.152,11.7539,0.88289
4945,0,59.249,90.414,72.978,92.287,13.730,1.872,13.857,11.6986,0.89223
4945,1,388.872,100.156,384.634,120.011,-4.238,19.855,20.302,11.6986,0.89223
4946,0,54.756,85.676,69.623,88.289,14.867,2.613,15.095,11.7122,0.89724
4946,1,392.120,96.423,387.423,117.669,-4.697,21.246,21.759,11.7122,0.89724
4947,0,50.466,85.368,66.171,88.506,15.705,3.138,16.015,12.0008,0.90125
4947,1,393.843,96.867,388.928,119.094,-4.915,22.227,22.764,12.0008,0.90125
4948,0,45.577,86.531,61.876,89.778,16.299,3.247,16.619,12.2772,0.90442
4948,1,394.328,98.767,389.009,121.172,-5.318,22.405,23.028,12.2772,0.90442
4949,0,40.436,85.339,57.509,88.844,17.074,3.505,17.430,12.2584,0.90685
4949,1,393.928,97.654,388.642,120.442,-5.286,22.788,23.393,12.2584,0.90685
4950,0,36.867,86.111,54.656,89.744,17.788,3.633,18.156,12.3568,0.90869
4950,1,394.309,97.924,388.582,121.008,-5.727,23.084,23.784,12.3568,0.90869
4951,0,33.657,89.430,51.743,92.815,18.086,3.385,18.400,12.7316,0.91020
4951,1,393.709,101.592,387.789,124.392,-5.919,22.800,23.556,12.7316,0.91020
4952,0,29.666,90.433,48.343,93.749,18.676,3.317,18.969,12.9644,0.91153
4952,1,392.491,103.643,386.594,126.336,-5.897,22.693,23.446,12.9644,0.91153
4953,0,26.781,89.369,46.095,92.942,19.314,3.572,19.641,13.0033,0.91307
4953,1,392.536,103.419,386.661,126.262,-5.875,22.843,23.586,13.0033,0.91307
4954,0,26.634,89.609,46.017,93.248,19.383,3.640,19.721,13.0527,0.91340
4954,1,392.836,103.744,386.928,126.772,-5.908,23.028,23.774,13.0527,0.91340
4955,0,24.695,90.422,44.684,93.834,19.988,3.411,20.277,13.2266,0.91379
4955,1,391.876,105.761,386.050,128.475,-5.826,22.714,23.449,13.2266,0.91379
4956,0,22.591,89.835,43.012,93.490,20.422,3.655,20.746,13.2096,0.91411
4956,1,390.695,105.563,385.109,128.222,-5.586,22.660,23.338,13.2096,0.91411
4957,0,22.645,91.574,43.124,95.067,20.479,3.493,20.775,13.2205,0.91425
4957,1,390.729,106.034,385.266,128.761,-5.463,22.727,23.374,13.2205,0.91425
4958,0,22.507,94.059,42.816,97.348,20.309,3.288,20.573,13.3985,0.91414
4958,1,390.174,108.421,384.624,130.760,-5.550,22.340,23.019,13.3985,0.91414
4959,0,20.845,95.283,41.570,98.267,20.724,2.984,20.938,13.4704,0.91401
4959,1,388.679,109.332,383.398,131.389,-5.281,22.058,22.681,13.4704,0.91401
4960,0,19.570,95.639,40.458,98.704,20.888,3.065,21.112,13.4714,0.91397
4960,1,387.670,109.193,382.536,131.218,-5.135,22.025,22.616,13.4714,0.91397
4961,0,18.271,96.669,39.298,99.639,21.027,2.969,21.235,13.5389,0.91378
4961,1,386.625,109.451,381.527,131.364,-5.098,21.913,22.498,13.5389,0.91378
4962,0,17.599,97.826,38.863,100.706,21.264,2.880,21.458,13.6888,0.91347
4962,1,385.943,110.511,380.827,132.414,-5.117,21.903,22.492,13.6888,0.91347
4963,0,17.572,98.668,38.748,101.413,21.177,2.744,21.354,13.7926,0.91335
4963,1,385.659,111.469,380.578,133.158,-5.081,21.689,22.276,13.7926,0.91335
4964,0,17.549,99.571,38.701,102.232,21.152,2.661,21.319,13.9543,0.91308
4964,1,385.525,112.487,380.281,134.010,-5.243,21.522,22.152,13.9543,0.91308
4965,0,16.758,100.444,38.104,102.901,21.345,2.457,21.486,14.2733,0.91239
4965,1,384.809,113.660,379.334,135.135,-5.475,21.474,22.161,14.2733,0.91239
4966,0,15.721,101.624,37.052,104.084,21.331,2.460,21.472,14.6480,0.91184
4966,1,384.376,115.591,378.214,137.004,-6.163,21.414,22.283,14.6480,0.91184
4967,0,12.984,100.838,34.622,103.302,21.638,2.465,21.778,14.9295,0.91125
4967,1,383.038,115.615,376.372,136.822,-6.666,21.207,22.230,14.9295,0.91125
4968,0,10.589,99.372,32.684,101.989,22.095,2.617,22.249,15.1092,0.91071
4968,1,381.940,114.718,374.859,136.010,-7.082,21.292,22.438,15.1092,0.91071
4969,0,7.481,98.707,29.706,101.817,22.225,3.109,22.441,15.5821,0.90976
4969,1,380.658,114.835,372.310,136.259,-8.348,21.424,22.993,15.5821,0.90976
4970,0,4.454,97.642,27.192,100.954,22.738,3.312,22.978,16.1609,0.90895
4970,1,379.620,115.217,370.238,136.397,-9.383,21.181,23.166,16.1609,0.90895
4971,0,2.481,97.550,25.430,100.948,22.949,3.398,23.200,16.9033,0.90819
4971,1,379.365,116.587,368.619,137.648,-10.746,21.061,23.644,16.9033,0.90819
4972,0,0.597,97.651,23.310,101.535,22.712,3.884,23.042,17.5610,0.90772
4972,1,378.552,118.643,366.685,139.654,-11.867,21.011,24.130,17.5610,0.90772
4973,0,1.334,97.654,21.980,101.672,20.646,4.018,21.034,17.9218,0.90756
4973,1,377.761,119.797,365.556,140.690,-12.204,20.894,24.197,17.9218,0.90756
4974,1,376.637,121.801,363.589,142.390,-13.047,20.589,24.375,18.6174,0.90726
4975,1,375.696,124.783,360.785,144.740,-14.911,19.957,24.912,19.9694,0.90694
4976,1,375.610,125.552,360.157,145.228,-15.452,19.676,25.018,20.3123,0.90686
4977,1,376.990,126.646,359.949,145.858,-17.041,19.212,25.680,21.2121,0.90676
4978,1,378.903,127.338,360.875,146.299,-18.029,18.961,26.164,21.7746,0.90682
4979,1,380.389,127.739,361.686,146.685,-18.703,18.946,26.622,22.0487,0.90691
4980,0,4.210,98.703,26.263,102.291,22.053,3.588,22.343,22.7433,0.90699
4980,1,385.024,128.579,364.582,147.244,-20.442,18.665,27.681,22.7433,0.90699
4981,0,9.766,98.276,30.913,101.614,21.147,3.338,21.408,23.2033,0.90709
4981,1,388.333,129.355,366.756,147.715,-21.577,18.361,28.332,23.2033,0.90709
4982,0,12.785,98.406,33.455,101.588,20.670,3.182,20.914,23.4514,0.90716
4982,1,389.880,129.875,367.902,148.218,-21.978,18.343,28.627,23.4514,0.90716
4983,0,23.592,98.570,42.673,101.274,19.081,2.704,19.272,24.0876,0.90756
4983,1,395.992,131.583,372.389,149.333,-23.602,17.751,29.532,24.0876,0.90756
4984,0,27.428,98.279,45.893,100.807,18.465,2.528,18.637,24.2606,0.90776
4984,1,398.205,131.655,373.994,149.231,-24.211,17.576,29.919,24.2606,0.90776
4985,0,38.251,97.434,54.943,99.722,16.692,2.288,16.848,24.8169,0.90831
4985,1,403.808,130.872,378.016,148.151,-25.792,17.279,31.045,24.8169,0.90831
4986,0,45.281,98.329,61.120,100.361,15.839,2.033,15.969,25.2414,0.90882
4986,1,407.506,131.048,380.627,148.098,-26.879,17.050,31.830,25.2414,0.90882
4987,0,55.550,98.035,70.407,99.771,14.858,1.736,14.959,25.7371,0.90981
4987,1,412.764,130.366,384.841,147.116,-27.923,16.750,32.561,25.7371,0.90981
4988,0,61.979,96.196,76.265,97.470,14.286,1.274,14.342,25.9647,0.91055
4988,1,416.512,129.315,387.649,145.877,-28.863,16.562,33.277,25.9647,0.91055
4989,0,67.737,93.357,81.650,94.493,13.912,1.136,13.959,26.1344,0.91117
4989,1,419.562,128.376,390.176,144.666,-29.386,16.290,33.599,26.1344,0.91117
4990,0,74.138,90.629,87.639,91.884,13.501,1.255,13.559,26.2047,0.91167
4990,1,423.243,127.688,393.249,144.017,-29.994,16.329,34.151,26.2047,0.91167
4991,0,80.598,88.446,93.771,89.772,13.173,1.326,13.240,26.2273,0.91214
4991,1,426.889,127.406,396.529,143.525,-30.360,16.119,34.373,26.2273,0.91214
4992,0,86.052,86.909,98.544,88.570,12.492,1.661,12.602,26.3127,0.91265
4992,1,430.074,127.424,399.003,143.491,-31.071,16.067,34.980,26.3127,0.91265
4993,0,90.980,84.529,103.028,86.136,12.048,1.607,12.154,26.3229,0.91317
4993,1,433.245,125.993,401.476,142.141,-31.770,16.148,35.638,26.3229,0.91317
4994,0,95.383,81.454,107.166,83.264,11.783,1.809,11.921,26.3226,0.91355
4994,1,435.691,123.820,403.607,140.196,-32.085,16.377,36.023,26.3226,0.91355
4995,0,97.448,80.926,109.157,82.944,11.708,2.017,11.881,26.3605,0.91370
4995,1,436.720,123.634,404.543,140.064,-32.178,16.430,36.130,26.3605,0.91370
4996,0,104.080,82.453,115.368,84.402,11.288,1.949,11.455,26.4676,0.91412
4996,1,440.241,124.926,407.667,141.236,-32.574,16.311,36.430,26.4676,0.91412
4997,0,108.495,82.757,119.128,84.925,10.633,2.168,10.851,26.4398,0.91432
4997,1,442.765,124.761,409.809,141.267,-32.957,16.506,36.859,26.4398,0.91432
4998,0,110.494,82.962,120.964,85.050,10.469,2.088,10.675,26.4184,0.91439
4998,1,443.932,124.757,410.846,141.277,-33.086,16.520,36.981,26.4184,0.91439
4999,0,115.617,82.642,125.949,84.724,10.333,2.082,10.540,26.3004,0.91442
4999,1,447.001,124.602,413.719,140.994,-33.282,16.392,37.100,26.3004,0.91442
5000,0,118.689,82.246,128.947,84.330,10.258,2.084,10.468,26.1780,0.91428
5000,1,448.871,124.492,415.500,140.858,-33.371,16.366,37.168,26.1780,0.91428
5001,0,123.498,83.634,132.950,86.297,9.452,2.664,9.820,26.0021,0.91382
5001,1,451.784,125.830,417.931,142.495,-33.854,16.666,37.733,26.0021,0.91382
5002,0,126.708,84.807,135.961,87.442,9.252,2.634,9.620,25.8249,0.91344
5002,1,453.777,126.749,419.894,143.341,-33.884,16.592,37.728,25.8249,0.91344
5003,0,129.682,85.259,138.873,87.803,9.191,2.543,9.536,25.5513,0.91297
5003,1,455.949,126.797,422.034,143.382,-33.914,16.585,37.752,25.5513,0.91297
5004,0,132.412,85.540,141.443,88.160,9.031,2.620,9.404,25.2322,0.91243
5004,1,458.071,126.630,424.133,143.243,-33.938,16.612,37.785,25.2322,0.91243
5005,0,134.874,85.999,143.551,88.649,8.678,2.649,9.073,24.8310,0.91168
5005,1,460.081,126.294,426.134,142.836,-33.947,16.543,37.763,24.8310,0.91168
5006,0,136.424,86.472,144.998,89.066,8.574,2.594,8.958,24.5616,0.91113
5006,1,461.446,125.985,427.460,142.652,-33.986,16.667,37.853,24.5616,0.91113
5007,0,143.611,88.697,152.127,91.243,8.516,2.546,8.889,23.3672,0.90854
5007,1,467.251,125.977,433.676,142.699,-33.574,16.722,37.508,23.3672,0.90854
5008,0,148.421,90.259,156.784,92.648,8.363,2.390,8.698,22.4116,0.90618
5008,1,470.778,126.658,437.886,143.281,-32.892,16.624,36.855,22.4116,0.90618
5009,0,150.510,90.752,158.816,93.221,8.306,2.469,8.665,21.9015,0.90485
5009,1,472.442,127.146,439.821,143.640,-32.622,16.494,36.554,21.9015,0.90485
5010,0,157.308,93.420,165.369,95.486,8.061,2.066,8.321,20.2277,0.90044
5010,1,477.726,129.189,446.180,145.224,-31.545,16.035,35.387,20.2277,0.90044
5011,0,162.112,94.534,170.225,96.520,8.113,1.987,8.353,18.9745,0.89713
5011,1,481.410,130.218,450.860,146.082,-30.550,15.864,34.423,18.9745,0.89713
5012,0,164.072,94.834,172.187,96.885,8.115,2.051,8.370,18.3754,0.89547
5012,1,482.743,130.603,452.826,146.517,-29.917,15.914,33.887,18.3754,0.89547
5013,0,169.218,96.547,177.521,98.400,8.303,1.853,8.507,16.6798,0.89078
5013,1,486.089,131.467,458.266,147.143,-27.823,15.677,31.936,16.6798,0.89078
5014,0,173.902,96.332,182.392,98.342,8.490,2.011,8.725,15.4679,0.88752
5014,1,489.391,130.306,462.841,146.259,-26.550,15.953,30.974,15.4679,0.88752
5015,0,176.357,96.495,184.785,98.637,8.428,2.143,8.696,14.9485,0.88598
5015,1,490.728,129.733,465.014,145.996,-25.714,16.264,30.426,14.9485,0.88598
5016,0,183.460,99.431,191.787,101.381,8.328,1.950,8.553,13.7915,0.88180
5016,1,494.135,129.441,471.020,145.666,-23.116,16.225,28.242,13.7915,0.88180
5017,0,187.475,99.286,195.907,100.973,8.432,1.686,8.599,13.1188,0.87919
5017,1,495.677,126.684,474.404,143.155,-21.273,16.471,26.905,13.1188,0.87919
5018,0,192.439,96.910,200.875,98.903,8.436,1.993,8.668,12.6199,0.87661
5018,1,497.539,122.707,478.238,139.670,-19.301,16.963,25.696,12.6199,0.87661
5019,0,195.259,96.465,203.654,98.478,8.394,2.013,8.632,12.5574,0.87547
5019,1,498.544,121.329,480.303,138.454,-18.242,17.125,25.021,12.5574,0.87547
5020,0,200.886,97.370,209.359,99.366,8.474,1.996,8.706,12.8552,0.87342
5020,1,500.546,120.291,484.207,137.684,-16.339,17.393,23.864,12.8552,0.87342
5021,0,206.764,98.543,215.045,100.390,8.280,1.847,8.484,13.8199,0.87093
5021,1,499.768,119.644,486.749,137.205,-13.019,17.561,21.861,13.8199,0.87093
5022,0,209.985,97.681,218.534,99.488,8.549,1.806,8.737,14.8614,0.86905
5022,1,496.624,116.683,486.903,134.420,-9.721,17.737,20.227,14.8614,0.86905
5023,0,210.784,100.653,219.263,102.456,8.479,1.802,8.668,16.2056,0.86831
5023,1,490.458,117.423,484.053,135.213,-6.405,17.790,18.908,16.2056,0.86831
5024,0,210.685,104.035,219.123,105.713,8.438,1.678,8.603,17.1275,0.86827
5024,1,485.681,118.862,481.465,136.606,-4.216,17.744,18.238,17.1275,0.86827
5025,0,210.165,107.415,218.426,108.934,8.260,1.519,8.399,17.9179,0.86848
5025,1,480.692,119.615,478.477,137.303,-2.215,17.689,17.827,17.9179,0.86848
5026,0,204.674,115.646,212.892,117.239,8.218,1.593,8.371,19.3873,0.87006
5026,1,466.845,124.057,468.379,141.528,1.534,17.471,17.538,19.3873,0.87006
5027,0,201.195,119.764,209.378,121.250,8.183,1.486,8.317,20.1026,0.87144
5027,1,459.372,126.867,462.691,144.117,3.320,17.251,17.567,20.1026,0.87144
5028,0,197.310,121.514,205.578,122.658,8.268,1.144,8.347,20.6157,0.87301
5028,1,451.721,127.245,456.994,144.158,5.274,16.913,17.716,20.6157,0.87301
5029,0,191.676,122.283,200.623,123.529,8.946,1.247,9.033,21.3709,0.87553
5029,1,440.875,126.355,449.051,143.499,8.176,17.144,18.994,21.3709,0.87553
5030,0,189.372,123.926,198.320,125.372,8.948,1.446,9.064,22.0703,0.87773
5030,1,434.919,127.626,444.781,144.811,9.862,17.184,19.813,22.0703,0.87773
5031,0,188.315,125.353,197.312,126.610,8.998,1.257,9.085,22.4493,0.87895
5031,1,432.349,128.671,442.831,145.879,10.482,17.208,20.149,22.4493,0.87895
5032,0,185.307,125.906,194.392,127.042,9.084,1.136,9.155,23.3204,0.88255
5032,1,424.740,128.732,437.467,145.732,12.727,17.000,21.236,23.3204,0.88255
5033,0,183.916,124.105,193.179,124.947,9.263,0.842,9.301,23.7710,0.88484
5033,1,420.756,126.336,434.805,143.159,14.049,16.824,21.918,23.7710,0.88484
5034,0,183.583,123.555,192.707,124.396,9.124,0.841,9.162,24.0172,0.88593
5034,1,418.930,125.497,433.581,142.417,14.651,16.920,22.381,24.0172,0.88593
5035,0,181.689,123.632,190.891,124.549,9.202,0.917,9.247,24.7865,0.88924
5035,1,413.310,125.226,429.510,142.305,16.200,17.079,23.540,24.7865,0.88924
5036,0,180.862,123.632,190.231,124.364,9.369,0.732,9.397,25.2772,0.89144
5036,1,410.268,124.679,427.521,141.776,17.253,17.097,24.289,25.2772,0.89144
5037,0,180.392,121.665,189.536,122.421,9.145,0.756,9.176,25.8384,0.89440
5037,1,406.651,121.709,425.141,138.860,18.489,17.151,25.219,25.8384,0.89440
5038,0,179.597,120.660,188.748,121.514,9.151,0.854,9.190,26.1481,0.89632
5038,1,404.086,120.031,423.475,137.301,19.389,17.271,25.965,26.1481,0.89632
5039,0,179.384,120.613,188.517,121.307,9.133,0.694,9.160,26.3094,0.89725
5039,1,403.193,119.451,422.851,136.695,19.658,17.244,26.150,26.3094,0.89725
5040,0,179.613,119.658,188.947,120.347,9.334,0.689,9.359,26.7981,0.89970
5040,1,401.395,116.954,422.110,134.447,20.715,17.493,27.113,26.7981,0.89970
5041,0,180.771,118.934,190.281,119.629,9.510,0.695,9.535,27.1591,0.90092
5041,1,401.199,115.516,422.513,132.965,21.314,17.449,27.545,27.1591,0.90092
5042,0,181.337,118.429,190.619,119.013,9.282,0.585,9.301,27.4165,0.90216
5042,1,400.457,113.897,422.159,131.632,21.701,17.735,28.026,27.4165,0.90216
5043,0,180.817,118.541,190.278,119.116,9.461,0.575,9.478,27.6309,0.90333
5043,1,398.800,113.607,421.198,131.252,22.399,17.645,28.514,27.6309,0.90333
5044,0,180.521,118.492,189.738,118.997,9.217,0.505,9.231,27.8007,0.90434
5044,1,397.424,113.361,420.079,130.909,22.655,17.548,28.656,27.8007,0.90434
5045,0,179.816,117.763,189.341,118.189,9.524,0.426,9.534,27.9261,0.90511
5045,1,395.870,112.523,419.110,129.960,23.240,17.436,29.054,27.9261,0.90511
5046,0,179.512,116.714,188.966,117.192,9.454,0.478,9.466,28.0045,0.90568
5046,1,394.679,111.382,418.258,128.795,23.579,17.413,29.311,28.0045,0.90568
5047,0,178.681,116.610,188.203,116.947,9.522,0.337,9.528,28.0458,0.90613
5047,1,393.530,110.737,417.095,128.427,23.565,17.689,29.465,28.0458,0.90613
5048,0,177.718,116.541,187.342,116.782,9.624,0.241,9.627,28.0726,0.90647
5048,1,391.798,110.678,415.817,128.255,24.018,17.577,29.763,28.0726,0.90647
5049,0,177.464,115.760,186.708,116.290,9.244,0.530,9.259,28.1020,0.90670
5049,1,390.615,110.280,414.676,127.789,24.061,17.509,29.757,28.1020,0.90670
5050,0,176.629,115.633,186.109,116.071,9.479,0.439,9.489,28.1221,0.90682
5050,1,389.551,109.793,413.582,127.540,24.031,17.747,29.874,28.1221,0.90682
5051,0,175.934,115.630,185.462,116.126,9.528,0.495,9.541,28.1370,0.90694
5051,1,388.286,109.930,412.538,127.592,24.253,17.662,30.002,28.1370,0.90694
5052,0,175.703,115.673,185.195,116.148,9.493,0.475,9.505,28.1428,0.90700
5052,1,387.641,109.936,412.107,127.575,24.466,17.639,30.162,28.1428,0.90700
5053,0,175.511,115.748,184.999,116.120,9.488,0.372,9.496,28.1764,0.90712
5053,1,386.732,109.651,411.490,127.134,24.758,17.483,30.309,28.1764,0.90712
5054,0,175.637,115.689,175.692,115.588,0.055,-0.102,0.115,0.0560,0.00056
5054,1,386.624,109.512,386.404,109.344,-0.221,-0.168,0.277,0.0560,0.00056
5055,0,175.675,115.724,175.740,115.604,0.065,-0.120,0.137,0.0791,0.00073
5055,1,386.538,109.475,386.320,109.278,-0.218,-0.196,0.293,0.0791,0.00073
5056,0,175.323,115.805,175.261,115.645,-0.062,-0.160,0.172,0.0791,0.00110
5056,1,385.636,109.390,385.572,109.195,-0.064,-0.195,0.205,0.0791,0.00110
5057,0,174.873,116.397,175.184,115.957,0.311,-0.440,0.539,0.0969,0.00132
5057,1,385.311,109.678,385.278,109.539,-0.033,-0.138,0.142,0.0969,0.00132
5058,0,175.009,116.512,175.236,116.085,0.227,-0.428,0.484,0.0885,0.00145
5058,1,385.227,109.858,385.197,109.712,-0.030,-0.146,0.149,0.0885,0.00145
5059,0,175.033,115.919,175.163,115.572,0.130,-0.347,0.371,0.0396,0.00189
5059,1,384.828,109.634,384.814,109.423,-0.014,-0.211,0.212,0.0396,0.00189
5060,0,174.648,115.631,174.791,115.302,0.142,-0.328,0.358,0.0396,0.00199
5060,1,384.483,109.619,384.404,109.397,-0.079,-0.222,0.236,0.0396,0.00199
5061,0,174.493,115.639,174.580,115.291,0.086,-0.348,0.359,0.0969,0.00206
5061,1,384.048,109.708,384.155,109.491,0.107,-0.217,0.242,0.0969,0.00206
5062,0,174.444,115.226,174.601,114.759,0.156,-0.467,0.493,0.0791,0.00248
5062,1,383.742,109.298,383.926,108.864,0.184,-0.434,0.471,0.0791,0.00248
5063,0,174.679,114.560,174.972,114.185,0.293,-0.375,0.476,0.0685,0.00277
5063,1,384.174,108.163,384.176,107.839,0.002,-0.324,0.324,0.0685,0.00277
5064,0,174.856,114.153,175.083,113.823,0.228,-0.330,0.401,0.1251,0.00292
5064,1,384.237,107.376,384.301,107.053,0.064,-0.322,0.329,0.1251,0.00292
5065,0,174.531,113.856,174.653,113.675,0.122,-0.180,0.218,0.1251,0.00316
5065,1,383.687,106.845,383.882,106.668,0.195,-0.176,0.263,0.1251,0.00316
5066,0,174.479,113.564,174.588,113.271,0.109,-0.294,0.313,0.0969,0.00370
5066,1,383.598,106.582,383.539,106.275,-0.059,-0.307,0.313,0.0969,0.00370
5067,0,174.464,113.849,174.624,113.607,0.160,-0.242,0.290,0.1427,0.00370
5067,1,383.646,106.838,383.717,106.562,0.071,-0.275,0.284,0.1427,0.00370
5068,0,174.371,113.215,174.658,112.784,0.287,-0.431,0.517,0.3286,0.00368
5068,1,383.809,105.672,384.245,105.184,0.437,-0.488,0.655,0.3286,0.00368
5069,0,174.429,113.014,174.619,112.725,0.190,-0.288,0.346,0.4665,0.00404
5069,1,384.484,105.227,384.478,104.888,-0.006,-0.339,0.339,0.4665,0.00404
5070,0,174.440,114.383,174.747,113.859,0.307,-0.523,0.607,0.5036,0.00451
5070,1,384.695,106.950,384.881,106.638,0.186,-0.312,0.364,0.5036,0.00451
5071,0,174.503,113.593,174.874,113.198,0.371,-0.395,0.542,0.5842,0.00511
5071,1,384.970,106.778,385.292,106.424,0.322,-0.354,0.478,0.5842,0.00511
5072,0,174.548,113.513,174.912,113.057,0.364,-0.456,0.584,0.6465,0.00548
5072,1,385.295,106.735,385.454,106.471,0.159,-0.263,0.308,0.6465,0.00548
5073,0,174.517,116.620,174.920,116.196,0.402,-0.424,0.585,0.9194,0.00679
5073,1,385.490,110.669,385.554,110.347,0.064,-0.322,0.329,0.9194,0.00679
5074,0,173.691,119.811,174.256,119.439,0.566,-0.372,0.677,1.2649,0.00797
5074,1,384.763,114.745,385.040,114.292,0.277,-0.453,0.531,1.2649,0.00797
5075,0,172.837,121.488,173.343,120.878,0.507,-0.610,0.793,1.4941,0.00866
5075,1,384.188,116.594,384.309,116.085,0.120,-0.509,0.523,1.4941,0.00866
5076,0,168.564,125.536,168.946,124.998,0.382,-0.538,0.659,2.3577,0.01120
5076,1,380.586,121.694,380.797,121.298,0.211,-0.395,0.448,2.3577,0.01120
5077,0,166.461,129.519,166.608,128.948,0.146,-0.571,0.589,2.9526,0.01313
5077,1,378.836,126.568,378.925,126.064,0.090,-0.504,0.512,2.9526,0.01313
5078,0,164.881,130.729,165.301,130.282,0.420,-0.446,0.613,3.2579,0.01423
5078,1,377.692,128.428,377.965,127.870,0.273,-0.557,0.621,3.2579,0.01423
5079,0,162.367,132.811,162.692,132.329,0.325,-0.482,0.581,4.0092,0.01773
5079,1,375.967,131.857,376.362,131.308,0.395,-0.549,0.676,4.0092,0.01773
5080,0,159.492,132.879,159.866,132.225,0.374,-0.654,0.754,4.6109,0.02030
5080,1,373.971,132.944,374.405,132.322,0.434,-0.622,0.758,4.6109,0.02030
5081,0,157.598,132.455,158.184,131.563,0.586,-0.892,1.068,4.9453,0.02175
5081,1,372.653,132.926,373.228,132.296,0.575,-0.630,0.853,4.9453,0.02175
5082,0,152.671,127.484,153.512,126.400,0.842,-1.084,1.373,5.9401,0.02669
5082,1,369.638,129.750,370.391,128.905,0.753,-0.845,1.131,5.9401,0.02669
5083,0,150.288,122.562,151.133,121.692,0.845,-0.870,1.213,6.6181,0.03054
5083,1,368.439,125.787,369.319,125.110,0.880,-0.678,1.111,6.6181,0.03054
5084,0,147.445,120.426,148.336,119.704,0.892,-0.722,1.147,7.4236,0.03484
5084,1,366.835,123.985,367.949,123.465,1.113,-0.519,1.229,7.4236,0.03484
5085,0,145.745,120.981,146.753,120.440,1.008,-0.541,1.144,7.8548,0.03700
5085,1,366.000,124.623,367.030,124.190,1.030,-0.433,1.117,7.8548,0.03700
5086,0,142.622,124.474,143.468,124.005,0.846,-0.469,0.967,8.7424,0.04131
5086,1,364.197,127.683,364.952,127.504,0.755,-0.178,0.776,8.7424,0.04131
5087,0,139.426,130.809,140.179,130.428,0.753,-0.381,0.844,10.0191,0.04815
5087,1,362.631,133.403,363.572,133.011,0.941,-0.391,1.020,10.0191,0.04815
5088,0,133.510,136.217,134.356,135.632,0.846,-0.585,1.028,11.6025,0.05542
5088,1,359.398,137.601,360.233,137.266,0.835,-0.336,0.900,11.6025,0.05542
5089,0,123.410,142.121,124.062,141.539,0.653,-0.582,0.874,13.6693,0.06309
5089,1,352.547,142.940,353.296,142.641,0.748,-0.300,0.806,13.6693,0.06309
5090,0,111.590,149.173,112.559,148.505,0.969,-0.669,1.177,15.9400,0.07149
5090,1,344.555,150.206,345.575,149.732,1.020,-0.473,1.124,15.9400,0.07149
5091,0,103.897,155.296,105.257,154.564,1.360,-0.732,1.544,17.4884,0.07753
5091,1,339.592,156.115,340.902,155.652,1.310,-0.463,1.389,17.4884,0.07753
5092,0,100.613,158.146,102.106,157.390,1.493,-0.756,1.673,18.2122,0.08058
5092,1,337.679,158.658,339.035,158.224,1.356,-0.433,1.424,18.2122,0.08058
5093,0,92.212,163.666,93.747,162.966,1.535,-0.699,1.686,20.2627,0.09004
5093,1,332.838,163.123,334.433,162.637,1.595,-0.487,1.667,20.2627,0.09004
5094,0,87.463,168.335,89.241,167.502,1.778,-0.833,1.964,21.5871,0.09656
5094,1,330.502,166.654,332.103,166.267,1.601,-0.387,1.647,21.5871,0.09656
5095,0,85.653,170.486,87.662,169.622,2.009,-0.864,2.187,22.1804,0.09974
5095,1,329.604,168.632,331.401,168.120,1.797,-0.512,1.868,22.1804,0.09974
5096,0,80.771,172.744,83.109,171.970,2.339,-0.774,2.463,23.8381,0.10899
5096,1,327.367,170.936,329.216,170.435,1.849,-0.501,1.915,23.8381,0.10899
5097,0,80.414,173.041,82.685,172.214,2.272,-0.827,2.417,24.6921,0.11487
5097,1,327.701,170.894,329.766,170.382,2.065,-0.512,2.128,24.6921,0.11487
5098,0,82.280,175.682,84.602,174.750,2.322,-0.932,2.502,25.3911,0.12061
5098,1,330.239,172.664,332.214,172.251,1.976,-0.412,2.018,25.3911,0.12061
5099,0,85.289,178.650,87.684,177.675,2.395,-0.975,2.585,25.9708,0.12607
5099,1,333.465,175.388,335.581,174.774,2.115,-0.614,2.203,25.9708,0.12607
5100,0,89.395,181.491,91.893,180.438,2.498,-1.053,2.711,26.4488,0.13141
5100,1,337.630,177.723,339.803,177.222,2.173,-0.501,2.230,26.4488,0.13141
5101,0,94.883,184.419,97.364,183.202,2.482,-1.217,2.764,26.8072,0.13655
5101,1,343.134,180.233,345.232,179.466,2.097,-0.767,2.233,26.8072,0.13655
5102,0,101.026,186.138,103.388,184.872,2.362,-1.266,2.680,27.0616,0.14143
5102,1,349.021,181.646,351.140,180.879,2.119,-0.767,2.254,27.0616,0.14143
5103,0,106.348,185.724,108.739,184.579,2.391,-1.145,2.651,27.2727,0.14597
5103,1,354.346,181.874,356.396,181.133,2.051,-0.740,2.180,27.2727,0.14597
5104,0,109.404,183.540,111.872,182.076,2.469,-1.464,2.870,27.5736,0.15014
5104,1,357.606,180.550,359.802,179.654,2.196,-0.896,2.372,27.5736,0.15014
5105,0,110.080,170.519,112.652,168.770,2.572,-1.749,3.110,28.2306,0.15656
5105,1,359.678,170.592,362.000,169.352,2.323,-1.241,2.633,28.2306,0.15656
5106,0,112.210,163.808,114.783,162.376,2.573,-1.432,2.944,28.3341,0.15910
5106,1,361.985,165.134,364.303,163.974,2.318,-1.160,2.592,28.3341,0.15910
5107,0,113.559,161.440,116.324,159.815,2.766,-1.624,3.208,28.3409,0.16026
5107,1,363.565,162.759,365.774,161.759,2.209,-1.000,2.425,28.3409,0.16026
5108,0,118.564,155.636,121.170,154.363,2.606,-1.273,2.900,28.2939,0.16315
5108,1,367.763,157.625,370.117,156.737,2.354,-0.888,2.515,28.2939,0.16315
5109,0,120.849,154.085,123.454,152.998,2.605,-1.087,2.823,28.3208,0.16468
5109,1,370.199,155.844,372.190,155.235,1.991,-0.609,2.082,28.3208,0.16468
5110,0,122.856,153.673,125.470,152.606,2.614,-1.067,2.823,28.3763,0.16618
5110,1,371.809,155.457,373.987,154.678,2.177,-0.779,2.313,28.3763,0.16618
5111,0,124.582,154.559,127.097,153.451,2.515,-1.108,2.748,28.4533,0.16751
5111,1,373.413,155.808,375.301,155.261,1.889,-0.547,1.966,28.4533,0.16751
5112,0,125.438,155.366,127.933,154.253,2.495,-1.113,2.732,28.4810,0.16809
5112,1,373.818,156.661,375.946,155.990,2.128,-0.671,2.231,28.4810,0.16809
5113,0,128.279,155.994,130.675,154.906,2.396,-1.088,2.632,28.4804,0.16965
5113,1,376.329,157.236,378.223,156.366,1.894,-0.870,2.084,28.4804,0.16965
5114,0,130.666,155.662,133.091,154.574,2.425,-1.088,2.658,28.4313,0.17085
5114,1,377.980,156.386,379.965,155.546,1.985,-0.840,2.156,28.4313,0.17085
5115,0,131.676,156.674,134.067,155.618,2.391,-1.056,2.614,28.4530,0.17154
5115,1,378.559,157.152,380.323,156.524,1.764,-0.628,1.872,28.4530,0.17154
5116,0,134.318,160.697,136.529,159.595,2.212,-1.102,2.471,28.5807,0.17392
5116,1,378.313,161.587,380.019,160.828,1.706,-0.759,1.867,28.5807,0.17392
5117,0,135.133,161.098,137.458,159.899,2.325,-1.199,2.616,28.6032,0.17486
5117,1,377.843,161.835,379.747,161.202,1.904,-0.633,2.006,28.6032,0.17486
5118,0,138.257,160.397,140.412,159.257,2.154,-1.140,2.437,28.5456,0.17706
5118,1,377.746,161.107,379.627,160.470,1.880,-0.636,1.985,28.5456,0.17706
5119,0,145.614,161.845,147.685,161.030,2.071,-0.815,2.225,28.3275,0.18174
5119,1,378.364,162.469,379.951,161.870,1.587,-0.599,1.696,28.3275,0.18174
5120,0,155.214,169.920,156.959,169.099,1.745,-0.821,1.928,28.0922,0.18858
5120,1,378.345,170.391,379.804,169.841,1.459,-0.550,1.559,28.0922,0.18858
5121,0,158.231,172.787,159.949,171.880,1.719,-0.907,1.943,28.0346,0.19142
5121,1,377.672,173.361,379.316,172.728,1.644,-0.633,1.762,28.0346,0.19142
5122,0,167.893,177.427,169.485,176.276,1.592,-1.151,1.965,27.7885,0.20201
5122,1,376.355,178.381,377.636,177.665,1.281,-0.715,1.467,27.7885,0.20201
5123,0,173.890,179.013,175.424,178.114,1.533,-0.899,1.778,27.6936,0.21108
5123,1,374.531,180.513,375.673,179.883,1.142,-0.629,1.304,27.6936,0.21108
5124,0,176.603,179.651,178.108,178.912,1.505,-0.739,1.677,27.6813,0.21620
5124,1,373.309,181.428,374.396,180.886,1.087,-0.541,1.215,27.6813,0.21620
5125,0,184.366,181.530,185.513,180.602,1.147,-0.928,1.475,27.7488,0.23392
5125,1,368.877,183.496,369.933,182.835,1.056,-0.661,1.246,27.7488,0.23392
5126,0,188.223,182.650,189.233,181.369,1.010,-1.282,1.632,27.9283,0.24747
5126,1,364.960,184.551,365.980,183.577,1.019,-0.974,1.410,27.9283,0.24747
5127,0,190.202,182.970,191.198,181.819,0.996,-1.150,1.521,28.0121,0.25492
5127,1,363.347,184.830,364.113,184.085,0.765,-0.745,1.068,28.0121,0.25492
5128,0,195.640,183.941,196.624,182.846,0.984,-1.095,1.472,28.3069,0.27946
5128,1,357.619,186.180,358.408,185.397,0.789,-0.783,1.111,28.3069,0.27946
5129,0,199.812,185.164,200.743,184.002,0.931,-1.162,1.490,28.4399,0.29748
5129,1,354.619,187.563,355.377,186.663,0.758,-0.900,1.176,28.4399,0.29748
5130,0,202.451,185.589,203.092,184.299,0.641,-1.290,1.440,28.4541,0.30686
5130,1,353.578,187.844,354.242,187.066,0.664,-0.778,1.023,28.4541,0.30686
5131,0,207.982,185.959,208.414,184.637,0.432,-1.323,1.392,28.4065,0.32673
5131,1,352.437,188.657,352.749,187.741,0.311,-0.917,0.968,28.4065,0.32673
5132,0,215.678,185.303,216.047,183.936,0.368,-1.367,1.416,28.3477,0.35926
5132,1,350.476,188.684,350.718,187.926,0.242,-0.758,0.796,28.3477,0.35926
5133,0,219.621,182.802,219.939,181.605,0.318,-1.197,1.238,28.4360,0.38211
5133,1,348.475,187.157,348.764,186.212,0.290,-0.946,0.989,28.4360,0.38211
5134,0,226.206,178.552,226.250,177.287,0.043,-1.265,1.266,28.4787,0.41757
5134,1,346.698,183.658,346.991,182.949,0.293,-0.708,0.766,28.4787,0.41757
5135,0,229.282,178.504,229.212,177.433,-0.070,-1.071,1.073,28.5920,0.44245
5135,1,344.739,184.443,344.890,183.651,0.151,-0.792,0.807,28.5920,0.44245
5136,0,231.862,182.620,231.969,181.882,0.106,-0.739,0.746,29.1116,0.49414
5136,1,338.602,188.563,338.563,188.103,-0.039,-0.460,0.462,29.1116,0.49414
5137,0,232.624,183.794,232.463,183.166,-0.161,-0.628,0.648,29.2539,0.50743
5137,1,336.977,189.646,336.971,189.331,-0.006,-0.314,0.315,29.2539,0.50743
5138,0,232.388,190.252,232.092,189.528,-0.296,-0.723,0.781,29.7881,0.54811
5138,1,330.701,196.248,330.713,195.732,0.012,-0.515,0.515,29.7881,0.54811
5139,0,232.290,195.608,232.056,195.057,-0.234,-0.551,0.599,30.0879,0.57518
5139,1,327.220,201.509,327.123,201.051,-0.097,-0.458,0.468,30.0879,0.57518
5140,0,233.754,199.353,233.576,198.780,-0.177,-0.573,0.600,30.2433,0.60187
5140,1,325.505,204.528,325.371,204.308,-0.134,-0.220,0.257,30.2433,0.60187
5141,0,235.297,202.740,234.895,202.501,-0.402,-0.238,0.468,30.3842,0.62787
5141,1,323.750,207.714,323.715,207.651,-0.035,-0.063,0.072,30.3842,0.62787
5142,0,235.598,208.993,235.297,208.682,-0.301,-0.311,0.433,30.5403,0.65294
5142,1,321.677,213.649,321.420,213.576,-0.257,-0.073,0.267,30.5403,0.65294
5143,0,235.012,218.454,234.609,218.092,-0.404,-0.362,0.542,30.9000,0.68868
5143,1,317.594,222.454,317.235,222.442,-0.360,-0.012,0.360,30.9000,0.68868
5144,0,235.090,221.183,234.623,220.941,-0.467,-0.242,0.526,31.1145,0.71096
5144,1,315.566,224.647,315.227,224.881,-0.340,0.234,0.413,31.1145,0.71096
5145,0,234.885,221.823,234.516,221.729,-0.369,-0.094,0.381,31.2123,0.72172
5145,1,314.623,225.554,314.176,225.624,-0.447,0.071,0.452,31.2123,0.72172
5146,0,232.864,225.391,232.458,225.216,-0.406,-0.174,0.442,31.6077,0.75204
5146,1,309.893,229.395,309.612,229.358,-0.281,-0.037,0.284,31.6077,0.75204
5147,0,232.268,228.665,231.709,228.717,-0.559,0.053,0.561,31.7859,0.77059
5147,1,307.683,232.646,307.394,232.848,-0.289,0.202,0.353,31.7859,0.77059
5148,0,232.618,228.864,232.111,228.880,-0.507,0.015,0.507,31.9489,0.80413
5148,1,305.617,232.775,305.225,233.002,-0.391,0.227,0.452,31.9489,0.80413
5149,0,233.514,226.257,232.956,226.195,-0.558,-0.062,0.561,31.9978,0.82623
5149,1,304.683,230.292,304.448,230.391,-0.235,0.100,0.256,31.9978,0.82623
5150,0,234.533,222.756,233.888,222.862,-0.645,0.106,0.653,32.0312,0.83970
5150,1,304.727,226.690,304.437,226.843,-0.290,0.153,0.328,32.0312,0.83970
5151,0,234.701,214.478,234.141,214.377,-0.560,-0.101,0.569,32.2903,0.85887
5151,1,303.798,217.663,303.473,217.859,-0.325,0.196,0.380,32.2903,0.85887
5152,0,233.603,209.943,232.977,209.846,-0.626,-0.096,0.633,32.6294,0.87106
5152,1,302.297,212.674,301.621,212.835,-0.675,0.161,0.694,32.6294,0.87106
5153,0,231.812,202.653,231.230,202.498,-0.582,-0.155,0.602,33.1871,0.88844
5153,1,299.615,204.615,298.952,204.619,-0.663,0.004,0.663,33.1871,0.88844
5154,0,232.154,193.547,231.380,193.463,-0.774,-0.084,0.779,33.6042,0.90575
5154,1,298.639,194.598,298.178,194.763,-0.461,0.165,0.490,33.6042,0.90575
5155,0,232.745,190.508,232.182,190.513,-0.563,0.005,0.563,33.7691,0.92219
5155,1,298.590,191.086,298.027,191.322,-0.563,0.235,0.610,33.7691,0.92219
5156,0,234.976,189.512,234.248,189.429,-0.728,-0.083,0.732,33.6427,0.93262
5156,1,299.993,189.744,299.430,190.138,-0.563,0.394,0.687,33.6427,0.93262
5157,0,236.436,189.272,235.584,189.303,-0.852,0.031,0.853,33.5269,0.93758
5157,1,300.962,189.640,300.438,190.006,-0.525,0.366,0.640,33.5269,0.93758
5158,0,239.448,189.749,238.525,190.002,-0.923,0.253,0.957,33.2318,0.94697
5158,1,303.424,190.549,302.740,190.725,-0.684,0.176,0.706,33.2318,0.94697
5159,0,242.543,192.832,241.601,193.098,-0.941,0.266,0.978,32.9342,0.96007
5159,1,305.588,193.495,304.961,193.659,-0.627,0.164,0.648,32.9342,0.96007
5160,0,242.964,195.409,242.140,195.444,-0.824,0.035,0.825,32.9517,0.97157
5160,1,305.502,195.473,304.840,195.721,-0.661,0.248,0.706,32.9517,0.97157
5161,0,243.022,195.695,242.103,195.999,-0.919,0.304,0.968,33.0399,0.97848
5161,1,305.296,195.636,304.436,196.027,-0.860,0.392,0.945,33.0399,0.97848
5162,0,241.636,194.858,240.743,195.020,-0.892,0.163,0.907,33.3657,0.98786
5162,1,303.425,194.519,302.646,194.662,-0.778,0.143,0.791,33.3657,0.98786
5163,0,239.839,190.663,239.143,190.785,-0.696,0.122,0.707,33.8166,0.99901
5163,1,301.316,189.643,300.589,190.108,-0.727,0.465,0.863,33.8166,0.99901
5164,0,240.558,191.218,239.774,191.269,-0.784,0.051,0.786,33.8051,1.00647
5164,1,301.490,190.372,300.825,190.593,-0.665,0.221,0.700,33.8051,1.00647
5165,0,241.639,191.804,240.883,191.893,-0.756,0.089,0.761,33.6752,1.01133
5165,1,302.487,191.086,301.654,191.367,-0.833,0.282,0.880,33.6752,1.01133
5166,0,242.907,191.633,242.049,191.714,-0.858,0.080,0.862,33.5366,1.01602
5167,0,243.533,191.172,242.620,191.041,-0.913,-0.132,0.923,33.4815,1.01832
5167,1,303.626,190.631,303.012,190.905,-0.614,0.274,0.672,33.4815,1.01832
5168,0,244.626,187.615,243.885,187.631,-0.741,0.017,0.741,33.4171,1.02526
5168,1,304.630,187.658,303.955,187.884,-0.675,0.226,0.711,33.4171,1.02526
5169,0,244.933,181.723,244.080,181.611,-0.854,-0.111,0.861,33.5474,1.03198
5169,1,304.585,182.329,303.913,182.262,-0.672,-0.067,0.675,33.5474,1.03198
5170,0,244.802,177.428,244.094,177.172,-0.709,-0.256,0.753,33.6788,1.03643
5170,1,304.591,177.895,303.789,178.050,-0.803,0.155,0.818,33.6788,1.03643
5171,0,244.763,175.592,244.102,175.398,-0.660,-0.194,0.689,33.7376,1.03859
5171,1,304.556,176.327,303.726,176.361,-0.830,0.034,0.831,33.7376,1.03859
5172,0,245.438,172.741,244.534,172.775,-0.904,0.034,0.905,33.8013,1.04464
5172,1,304.568,173.618,303.907,173.866,-0.660,0.248,0.705,33.8013,1.04464
5173,0,246.553,172.015,245.594,172.013,-0.959,-0.002,0.959,33.7247,1.04855
5173,1,305.533,172.801,304.767,173.151,-0.766,0.351,0.843,33.7247,1.04855
5174,0,248.048,170.779,247.156,170.888,-0.892,0.109,0.899,33.6094,1.05249
5174,1,306.814,171.792,306.122,172.059,-0.692,0.267,0.741,33.6094,1.05249
5175,0,249.036,170.311,248.136,170.184,-0.900,-0.126,0.908,33.5394,1.05448
5175,1,307.679,171.308,306.997,171.359,-0.682,0.051,0.684,33.5394,1.05448
5176,0,253.495,168.438,252.476,168.301,-1.019,-0.137,1.028,33.1739,1.06225
5176,1,311.652,169.429,310.907,169.544,-0.745,0.115,0.754,33.1739,1.06225
5177,0,254.516,168.518,253.536,168.379,-0.980,-0.139,0.990,33.0706,1.06410
5177,1,312.637,169.440,311.858,169.644,-0.779,0.205,0.805,33.0706,1.06410
5178,0,255.556,168.601,254.572,168.588,-0.983,-0.013,0.983,32.9652,1.06590
5178,1,313.568,169.624,312.785,169.874,-0.782,0.251,0.821,32.9652,1.06590
5179,0,258.859,167.678,257.924,167.718,-0.936,0.040,0.936,32.6758,1.07585
5179,1,316.687,168.775,315.630,169.156,-1.057,0.380,1.123,32.6758,1.07585
5180,0,258.573,168.213,257.436,168.049,-1.137,-0.164,1.149,32.7595,1.07902
5180,1,315.660,169.401,315.009,169.401,-0.652,0.001,0.652,32.7595,1.07902
5181,0,258.049,168.456,257.037,168.305,-1.012,-0.151,1.023,32.8181,1.08059
5181,1,315.434,169.424,314.545,169.599,-0.888,0.175,0.905,32.8181,1.08059
5182,0,256.747,168.614,255.840,168.541,-0.907,-0.073,0.910,33.0063,1.08552
5182,1,313.952,169.527,313.158,169.702,-0.794,0.175,0.813,33.0063,1.08552
5183,0,256.566,168.686,255.475,168.717,-1.091,0.031,1.091,33.0570,1.08722
5183,1,313.627,169.627,312.724,169.860,-0.904,0.234,0.933,33.0570,1.08722
5184,0,255.677,169.854,254.527,169.939,-1.150,0.085,1.153,33.1534,1.09261
5184,1,312.610,170.819,311.538,171.111,-1.072,0.292,1.111,33.1534,1.09261
5185,0,254.709,171.597,253.820,171.385,-0.889,-0.213,0.914,33.2040,1.09640
5185,1,311.631,172.392,310.655,172.582,-0.976,0.190,0.994,33.2040,1.09640
5186,0,254.431,172.346,253.322,172.194,-1.109,-0.151,1.119,33.2404,1.09822
5186,1,310.677,173.243,310.075,173.401,-0.602,0.157,0.622,33.2404,1.09822
5187,0,252.690,173.865,251.580,173.835,-1.110,-0.029,1.110,33.4075,1.10341
5187,1,308.872,174.764,308.120,175.005,-0.751,0.241,0.789,33.4075,1.10341
5188,0,251.139,174.282,250.139,174.122,-1.000,-0.160,1.013,33.5834,1.10664
5189,0,250.567,174.078,249.475,174.046,-1.092,-0.032,1.093,33.6747,1.10815
5189,1,306.659,174.769,305.861,175.104,-0.798,0.335,0.865,33.6747,1.10815
5190,0,249.386,173.771,248.249,173.931,-1.137,0.159,1.148,33.8412,1.11111
5190,1,305.459,174.528,304.543,174.907,-0.916,0.379,0.992,33.8412,1.11111
5191,0,248.296,175.297,247.248,175.316,-1.048,0.019,1.048,33.9338,1.11513
5191,1,304.167,175.640,303.371,176.152,-0.796,0.512,0.946,33.9338,1.11513
5192,0,247.990,176.102,247.060,176.125,-0.930,0.023,0.930,33.9313,1.11634
5192,1,303.734,176.621,303.121,176.937,-0.612,0.316,0.689,33.9313,1.11634
5193,0,247.539,177.673,246.490,177.738,-1.050,0.066,1.052,33.9378,1.11846
5193,1,303.200,178.263,302.445,178.525,-0.754,0.262,0.799,33.9378,1.11846
5194,0,246.749,179.002,245.769,179.069,-0.979,0.067,0.982,33.9653,1.12023
5194,1,302.643,179.537,301.642,179.816,-1.001,0.279,1.039,33.9653,1.12023
5195,0,245.582,180.773,244.549,180.926,-1.033,0.153,1.044,34.0312,1.12249
5195,1,301.107,181.266,300.321,181.558,-0.785,0.292,0.838,34.0312,1.12249
5196,0,245.323,181.333,244.270,181.360,-1.052,0.027,1.053,34.0420,1.12304
5196,1,300.681,181.593,300.018,181.965,-0.663,0.372,0.760,34.0420,1.12304
5197,0,245.122,180.947,244.065,181.084,-1.057,0.137,1.066,34.0337,1.12414
5198,0,245.196,180.340,244.140,180.230,-1.056,-0.110,1.062,34.0214,1.12460
5198,1,300.663,180.551,299.827,180.836,-0.836,0.285,0.884,34.0214,1.12460
5199,0,245.225,179.775,244.136,179.835,-1.088,0.060,1.090,34.0190,1.12471
5199,1,300.697,180.315,299.821,180.454,-0.876,0.139,0.887,34.0190,1.12471
5200,0,245.748,179.576,244.845,179.427,-0.903,-0.150,0.915,33.9111,1.12466
5200,1,301.495,179.675,300.510,180.066,-0.985,0.391,1.059,33.9111,1.12466
5201,0,246.686,179.764,245.610,179.864,-1.076,0.100,1.081,33.7812,1.12410
5201,1,302.132,180.325,301.265,180.518,-0.867,0.193,0.888,33.7812,1.12410
5202,0,246.861,181.730,245.929,181.906,-0.932,0.176,0.949,33.6734,1.12383
5202,1,302.645,182.339,301.553,182.575,-1.092,0.236,1.117,33.6734,1.12383
5203,0,247.524,187.017,246.221,187.106,-1.303,0.089,1.306,33.4805,1.12312
5203,1,302.712,187.541,301.790,187.764,-0.923,0.222,0.949,33.4805,1.12312
5204,0,247.044,187.959,245.968,188.059,-1.076,0.099,1.081,33.4798,1.12195
5204,1,302.645,188.517,301.578,188.666,-1.066,0.150,1.077,33.4798,1.12195
5205,0,246.818,187.229,245.696,187.146,-1.122,-0.082,1.125,33.5368,1.12057
5205,1,302.500,187.468,301.383,187.684,-1.116,0.215,1.137,33.5368,1.12057
5206,0,246.711,186.219,245.681,186.185,-1.030,-0.034,1.031,33.5766,1.11936
5206,1,302.461,186.420,301.435,186.674,-1.027,0.255,1.058,33.5766,1.11936
5207,0,246.744,186.659,245.707,186.683,-1.037,0.024,1.038,33.5586,1.11902
5207,1,302.492,186.713,301.468,187.172,-1.024,0.459,1.122,33.5586,1.11902
5208,0,246.662,190.281,245.586,190.217,-1.076,-0.063,1.078,33.4532,1.11813
5208,1,302.292,190.564,301.340,190.790,-0.953,0.226,0.979,33.4532,1.11813
5209,0,246.763,192.782,245.766,192.862,-0.997,0.080,1.000,33.3581,1.11773
5210,0,248.236,201.195,247.144,201.096,-1.092,-0.100,1.097,33.0066,1.11752
5210,1,303.630,201.547,302.763,201.778,-0.867,0.231,0.897,33.0066,1.11752
5211,0,248.363,203.638,247.284,203.592,-1.079,-0.045,1.080,32.9242,1.11697
5211,1,303.752,204.110,302.900,204.347,-0.851,0.237,0.884,32.9242,1.11697
5212,0,248.549,203.658,248.411,203.729,-0.138,0.071,0.155,0.0000,0.00037
5212,1,303.750,204.347,304.290,204.133,0.540,-0.214,0.581,0.0000,0.00037
5213,0,248.625,202.874,248.489,203.018,-0.136,0.144,0.198,0.0791,0.00065
5213,1,303.739,203.575,304.383,203.431,0.643,-0.144,0.659,0.0791,0.00065
5214,0,248.635,203.720,248.512,203.792,-0.123,0.071,0.142,0.0396,0.00094
5214,1,303.761,204.468,304.407,204.231,0.647,-0.238,0.689,0.0396,0.00094
5215,0,248.614,204.398,248.484,204.279,-0.130,-0.118,0.176,0.1047,0.00101
5215,1,303.740,204.728,304.378,204.739,0.637,0.010,0.637,0.1047,0.00101
5216,0,248.553,204.748,248.465,204.877,-0.088,0.129,0.156,0.1856,0.00129
5216,1,303.755,205.481,304.358,205.370,0.603,-0.111,0.613,0.1856,0.00129
5217,0,248.276,204.327,248.273,204.318,-0.003,-0.009,0.010,0.1047,0.00146
5217,1,303.695,204.675,304.178,204.785,0.483,0.110,0.495,0.1047,0.00146
5218,0,247.744,203.931,247.911,204.018,0.167,0.087,0.189,0.1047,0.00175
5218,1,303.342,204.515,303.835,204.467,0.492,-0.048,0.495,0.1047,0.00175
5219,0,247.576,204.205,247.647,204.169,0.072,-0.036,0.080,0.1480,0.00203
5219,1,302.938,204.649,303.587,204.620,0.649,-0.029,0.650,0.1480,0.00203
5220,0,247.300,203.784,247.383,203.867,0.083,0.083,0.117,0.1679,0.00248
5220,1,302.654,204.498,303.352,204.315,0.699,-0.182,0.722,0.1679,0.00248
5221,0,247.356,203.675,247.379,203.850,0.023,0.175,0.177,0.1583,0.00272
5221,1,302.690,204.363,303.358,204.246,0.669,-0.117,0.679,0.1583,0.00272
5222,0,247.495,204.155,247.493,204.260,-0.001,0.105,0.105,0.1583,0.00320
5222,1,302.880,204.568,303.482,204.597,0.602,0.028,0.603,0.1583,0.00320
5223,0,247.234,204.481,247.301,204.424,0.067,-0.057,0.088,0.1813,0.00353
5223,1,302.710,204.745,303.309,204.771,0.599,0.025,0.600,0.1813,0.00353
5224,0,246.756,204.479,247.119,204.387,0.363,-0.092,0.374,0.1938,0.00374
5224,1,302.713,204.730,303.143,204.755,0.431,0.026,0.431,0.1938,0.00374
5225,0,246.782,204.136,247.030,204.078,0.248,-0.058,0.255,0.1938,0.00396
5225,1,302.697,204.556,303.072,204.459,0.375,-0.097,0.387,0.1938,0.00396
5226,0,247.153,203.191,247.148,203.182,-0.006,-0.009,0.011,0.1897,0.00471
5226,1,302.695,203.638,303.234,203.633,0.539,-0.005,0.539,0.1897,0.00471
5227,0,247.122,203.305,247.125,203.259,0.002,-0.046,0.046,0.1897,0.00492
5227,1,302.698,203.694,303.220,203.722,0.522,0.028,0.523,0.1897,0.00492
5228,0,247.053,202.810,247.109,203.015,0.056,0.204,0.212,0.2017,0.00506
5229,0,247.362,203.433,247.309,203.350,-0.053,-0.083,0.099,0.1583,0.00516
5229,1,302.917,203.859,303.412,203.822,0.495,-0.037,0.496,0.1583,0.00516
5230,0,247.623,203.699,247.476,203.752,-0.147,0.053,0.156,0.1251,0.00525
5230,1,302.990,204.492,303.575,204.229,0.585,-0.263,0.641,0.1251,0.00525
5231,0,247.652,203.742,247.491,203.769,-0.161,0.028,0.163,0.1251,0.00530
5231,1,303.178,204.486,303.592,204.249,0.414,-0.237,0.477,0.1251,0.00530
5232,0,247.684,203.341,247.626,203.256,-0.058,-0.084,0.102,0.1371,0.00542
5232,1,303.622,203.676,303.735,203.731,0.112,0.055,0.125,0.1371,0.00542
5233,0,247.698,203.474,247.770,203.372,0.072,-0.102,0.125,0.1187,0.00556
5233,1,303.611,203.833,303.877,203.846,0.266,0.013,0.267,0.1187,0.00556
5234,0,247.713,203.650,247.732,203.529,0.019,-0.121,0.123,0.1187,0.00573
5234,1,303.678,204.007,303.846,204.015,0.169,0.007,0.169,0.1187,0.00573
5235,0,247.541,202.826,247.403,203.041,-0.138,0.215,0.256,0.1813,0.00603
5235,1,302.986,203.604,303.544,203.545,0.558,-0.059,0.561,0.1813,0.00603
5236,0,247.338,202.733,247.273,202.971,-0.065,0.238,0.247,0.2094,0.00631
5236,1,302.893,203.583,303.429,203.502,0.536,-0.081,0.542,0.2094,0.00631
5237,0,247.375,202.640,247.389,202.662,0.014,0.022,0.026,0.2564,0.00679
5237,1,302.915,203.330,303.564,203.238,0.649,-0.091,0.655,0.2564,0.00679
5238,0,247.658,201.904,247.566,202.079,-0.092,0.175,0.197,0.3165,0.00706
5238,1,303.340,202.603,303.753,202.679,0.413,0.076,0.420,0.3165,0.00706
5239,0,247.687,201.266,247.638,201.255,-0.049,-0.011,0.050,0.4150,0.00746
5239,1,303.576,201.806,303.847,201.892,0.272,0.086,0.285,0.4150,0.00746
5240,0,247.672,201.300,247.791,201.280,0.118,-0.021,0.120,0.4280,0.00772
5240,1,303.588,201.836,304.005,201.948,0.418,0.112,0.432,0.4280,0.00772
5241,0,247.845,201.433,247.975,201.356,0.130,-0.077,0.151,0.4715,0.00852
5242,0,247.701,200.193,247.747,200.127,0.047,-0.065,0.080,0.6268,0.00910
5242,1,303.572,200.978,304.032,200.958,0.460,-0.020,0.460,0.6268,0.00910
5243,0,247.651,199.415,247.834,199.384,0.183,-0.031,0.185,0.7078,0.00927
5243,1,303.547,200.331,304.131,200.244,0.584,-0.087,0.591,0.7078,0.00927
5244,0,247.956,199.172,248.132,199.242,0.176,0.070,0.189,0.7122,0.00988
5244,1,303.715,199.997,304.445,200.043,0.730,0.046,0.731,0.7122,0.00988
5245,0,247.836,199.292,248.032,199.296,0.196,0.004,0.196,0.7033,0.01000
5245,1,303.723,200.142,304.351,200.081,0.628,-0.061,0.631,0.7033,0.01000
5246,0,247.640,199.423,247.752,199.346,0.112,-0.077,0.136,0.6910,0.01041
5247,0,247.625,199.443,247.630,199.367,0.005,-0.076,0.076,0.6853,0.01072
5247,1,303.525,200.219,303.988,200.087,0.462,-0.132,0.481,0.6853,0.01072
5248,0,247.344,198.964,247.369,199.132,0.025,0.168,0.170,0.7166,0.01127
5248,1,303.077,199.764,303.758,199.839,0.681,0.075,0.685,0.7166,0.01127
5249,0,247.406,198.810,247.421,198.926,0.015,0.117,0.118,0.7434,0.01144
5249,1,303.203,199.633,303.817,199.634,0.614,0.001,0.614,0.7434,0.01144
5250,0,247.480,198.763,247.521,198.916,0.042,0.153,0.159,0.7434,0.01151
5250,1,303.472,199.605,303.917,199.618,0.445,0.013,0.445,0.7434,0.01151
5251,0,247.723,198.608,247.942,198.669,0.219,0.061,0.227,0.7763,0.01165
5251,1,303.706,199.502,304.333,199.371,0.627,-0.132,0.641,0.7763,0.01165
5252,0,247.913,198.320,248.076,198.313,0.163,-0.006,0.163,0.8233,0.01168
5252,1,303.658,199.084,304.468,199.021,0.810,-0.062,0.812,0.8233,0.01168
5253,0,247.957,198.521,248.130,198.440,0.173,-0.081,0.191,0.8176,0.01194
5253,1,303.826,199.391,304.530,199.167,0.704,-0.224,0.739,0.8176,0.01194
5254,0,247.961,198.040,247.995,198.041,0.034,0.000,0.034,0.8623,0.01197
5254,1,303.712,198.784,304.405,198.782,0.693,-0.003,0.693,0.8623,0.01197
5255,0,247.876,197.679,247.967,197.779,0.090,0.101,0.135,0.8882,0.01192
5255,1,303.710,198.602,304.379,198.514,0.669,-0.088,0.675,0.8882,0.01192
5256,0,248.066,197.833,248.212,198.030,0.146,0.197,0.245,0.8541,0.01182
5256,1,303.969,198.682,304.612,198.745,0.643,0.063,0.646,0.8541,0.01182
5257,0,247.832,197.538,247.974,197.529,0.142,-0.009,0.142,0.9066,0.01171
5257,1,303.640,198.256,304.380,198.238,0.741,-0.018,0.741,0.9066,0.01171
5258,0,247.645,197.324,247.812,197.314,0.168,-0.010,0.168,0.9237,0.01188
5258,1,303.739,197.866,304.234,198.007,0.495,0.141,0.514,0.9237,0.01188
5259,0,247.614,197.320,247.699,197.303,0.085,-0.017,0.087,0.9228,0.01201
5259,1,303.618,197.884,304.130,197.994,0.512,0.110,0.524,0.9228,0.01201
5260,0,247.425,197.285,247.474,197.280,0.049,-0.005,0.049,0.9237,0.01218
5260,1,303.584,197.808,303.918,197.962,0.334,0.154,0.368,0.9237,0.01218
5261,0,247.184,196.625,247.330,196.754,0.146,0.129,0.195,0.9875,0.01234
5261,1,303.300,197.456,303.790,197.436,0.491,-0.020,0.491,0.9875,0.01234
5262,0,247.212,196.035,247.265,196.252,0.053,0.218,0.224,1.0505,0.01255
5262,1,303.219,196.808,303.741,196.938,0.522,0.130,0.538,1.0505,0.01255
5263,0,247.134,195.762,247.209,195.910,0.074,0.148,0.166,1.0922,0.01296
5263,1,303.070,196.582,303.707,196.591,0.637,0.008,0.637,1.0922,0.01296
5264,0,247.216,195.596,247.210,195.595,-0.006,-0.001,0.007,1.1357,0.01335
5264,1,303.249,196.421,303.728,196.285,0.479,-0.137,0.498,1.1357,0.01335
5265,0,247.523,195.429,247.405,195.417,-0.118,-0.012,0.119,1.1777,0.01404
5265,1,303.513,196.217,303.944,196.130,0.430,-0.087,0.439,1.1777,0.01404
5266,0,247.652,195.228,247.522,195.232,-0.130,0.004,0.130,1.2059,0.01425
5266,1,303.683,195.907,304.068,195.948,0.385,0.042,0.387,1.2059,0.01425
5267,0,247.841,194.740,247.882,194.746,0.041,0.006,0.041,1.2796,0.01499
5267,1,303.748,195.570,304.454,195.478,0.706,-0.092,0.712,1.2796,0.01499
5268,0,247.827,194.642,247.896,194.582,0.069,-0.060,0.091,1.3051,0.01533
5268,1,303.821,195.394,304.483,195.324,0.662,-0.070,0.665,1.3051,0.01533
5269,0,247.588,194.271,247.509,194.273,-0.079,0.002,0.079,1.3510,0.01586
5269,1,303.730,194.982,304.131,195.050,0.401,0.068,0.407,1.3510,0.01586
5270,0,247.570,194.135,247.639,194.180,0.069,0.045,0.082,1.3649,0.01623
5270,1,303.723,194.823,304.274,194.945,0.550,0.122,0.564,1.3649,0.01623
5271,0,247.581,193.757,247.626,194.054,0.044,0.296,0.300,1.3820,0.01635
5271,1,303.716,194.681,304.267,194.803,0.551,0.122,0.564,1.3820,0.01635
5272,0,247.603,193.801,247.617,194.073,0.014,0.271,0.272,1.3825,0.01651
5272,1,303.702,194.713,304.264,194.822,0.562,0.108,0.572,1.3825,0.01651
5273,0,247.606,193.770,247.651,194.012,0.045,0.241,0.246,1.3899,0.01668
5273,1,303.698,194.706,304.305,194.743,0.607,0.037,0.608,1.3899,0.01668
5274,0,247.460,193.311,247.468,193.295,0.009,-0.016,0.018,1.4719,0.01683
5274,1,303.610,193.984,304.144,194.010,0.534,0.026,0.534,1.4719,0.01683
5275,0,247.246,192.717,247.357,192.915,0.111,0.198,0.227,1.5180,0.01690
5275,1,303.515,193.607,304.043,193.629,0.528,0.021,0.529,1.5180,0.01690
5276,0,247.009,192.625,247.209,192.725,0.200,0.100,0.223,1.5415,0.01704
5276,1,303.484,193.510,303.908,193.413,0.424,-0.098,0.435,1.5415,0.01704
5277,0,247.321,193.274,247.395,193.314,0.074,0.040,0.084,1.4767,0.01731
5277,1,303.594,193.920,304.091,193.961,0.497,0.042,0.499,1.4767,0.01731
5278,0,247.562,193.444,247.539,193.373,-0.023,-0.071,0.075,1.4693,0.01741
5278,1,303.681,194.131,304.236,194.027,0.555,-0.104,0.564,1.4693,0.01741
5279,0,247.606,192.980,247.588,193.099,-0.018,0.119,0.121,1.5056,0.01756
5279,1,303.704,193.810,304.292,193.792,0.587,-0.018,0.587,1.5056,0.01756
5280,0,247.607,192.835,247.625,192.961,0.018,0.127,0.128,1.5242,0.01763
5280,1,303.679,193.694,304.332,193.668,0.653,-0.026,0.654,1.5242,0.01763
5281,0,247.594,192.618,247.635,192.665,0.041,0.047,0.062,1.5577,0.01777
5281,1,303.688,193.571,304.353,193.384,0.665,-0.188,0.690,1.5577,0.01777
5282,0,247.633,192.604,247.696,192.633,0.063,0.028,0.069,1.5617,0.01781
5282,1,303.692,193.540,304.414,193.354,0.722,-0.186,0.745,1.5617,0.01781
5283,0,247.821,192.263,248.065,192.193,0.243,-0.069,0.253,1.6150,0.01787
5283,1,304.258,192.954,304.782,192.928,0.524,-0.025,0.525,1.6150,0.01787
5284,0,247.853,191.672,248.122,191.733,0.269,0.061,0.276,1.6730,0.01790
5284,1,304.384,192.525,304.845,192.498,0.461,-0.027,0.462,1.6730,0.01790
5285,0,248.458,191.708,248.394,191.875,-0.064,0.166,0.178,1.6688,0.01821
5285,1,304.657,192.636,305.119,192.668,0.462,0.032,0.463,1.6688,0.01821
5286,0,248.658,191.749,248.752,191.908,0.094,0.159,0.184,1.6819,0.01864
5286,1,304.919,192.648,305.484,192.738,0.565,0.090,0.572,1.6819,0.01864
5287,0,248.828,191.694,248.992,191.805,0.164,0.111,0.198,1.7041,0.01890
5287,1,305.368,192.610,305.728,192.651,0.360,0.041,0.363,1.7041,0.01890
5288,0,249.469,191.280,249.343,191.316,-0.126,0.036,0.131,1.7765,0.02009
5288,1,305.707,192.303,306.128,192.152,0.421,-0.152,0.448,1.7765,0.02009
5289,0,249.234,190.717,249.105,190.816,-0.129,0.100,0.163,1.8329,0.02143
5290,0,250.421,190.703,250.480,190.840,0.060,0.137,0.149,1.8872,0.02501
5290,1,306.712,191.563,307.452,191.520,0.740,-0.043,0.741,1.8872,0.02501
5291,0,253.321,194.533,253.331,194.539,0.010,0.006,0.012,1.6395,0.02937
5291,1,309.743,195.159,310.369,195.042,0.626,-0.116,0.637,1.6395,0.02937
5292,0,257.494,200.822,257.481,200.945,-0.013,0.123,0.124,1.5552,0.03928
5292,1,314.157,201.323,314.769,201.091,0.612,-0.232,0.655,1.5552,0.03928
5293,0,257.985,202.699,258.244,202.802,0.259,0.103,0.279,1.5717,0.04339
5293,1,314.946,203.088,315.671,202.922,0.725,-0.166,0.744,1.5717,0.04339
5294,0,258.875,210.720,259.100,210.689,0.224,-0.030,0.226,1.6637,0.05825
5294,1,316.520,211.339,317.075,210.907,0.555,-0.432,0.704,1.6637,0.05825
5295,0,258.731,217.854,258.824,217.685,0.093,-0.169,0.193,1.9764,0.07023
5295,1,316.620,218.406,317.276,217.905,0.657,-0.501,0.826,1.9764,0.07023
5296,0,257.955,221.419,258.226,221.205,0.271,-0.214,0.345,2.1692,0.07684
5297,0,255.733,229.600,255.882,229.272,0.149,-0.328,0.360,2.6885,0.09134
5297,1,314.638,230.269,315.281,229.479,0.642,-0.790,1.018,2.6885,0.09134
5298,0,249.287,249.391,249.614,248.845,0.327,-0.546,0.636,4.3345,0.12592
5298,1,309.842,249.588,310.761,248.512,0.919,-1.075,1.414,4.3345,0.12592
5299,0,245.612,255.816,246.148,255.536,0.536,-0.280,0.605,4.8568,0.14603
5299,1,307.602,255.699,308.393,254.841,0.790,-0.858,1.167,4.8568,0.14603
5300,0,241.624,259.711,242.328,259.460,0.704,-0.251,0.747,5.0805,0.16785
5300,1,304.778,259.636,305.817,258.509,1.039,-1.127,1.533,5.0805,0.16785
5301,0,236.525,265.782,237.259,265.496,0.734,-0.286,0.787,5.5277,0.20381
5301,1,301.751,265.661,302.909,264.422,1.158,-1.239,1.696,5.5277,0.20381
5302,0,233.665,268.966,234.573,268.704,0.908,-0.261,0.945,5.8026,0.22959
5302,1,300.696,269.326,301.845,267.863,1.149,-1.463,1.860,5.8026,0.22959
5303,0,228.770,268.341,229.959,267.847,1.189,-0.494,1.288,5.6575,0.27062
5303,1,298.723,268.724,299.960,267.472,1.237,-1.252,1.760,5.6575,0.27062
5304,0,226.799,265.970,228.015,265.588,1.215,-0.382,1.274,5.3916,0.29947
5304,1,298.686,266.832,300.001,265.400,1.315,-1.433,1.945,5.3916,0.29947
5305,0,227.289,257.119,228.526,256.380,1.237,-0.739,1.441,4.4546,0.34546
5305,1,302.463,258.568,303.713,256.873,1.250,-1.694,2.106,4.4546,0.34546
5306,0,231.530,244.532,232.947,243.833,1.417,-0.699,1.580,3.5291,0.39466
5306,1,310.439,247.075,311.743,245.285,1.303,-1.790,2.214,3.5291,0.39466
5307,0,233.845,240.464,235.405,239.634,1.559,-0.830,1.766,3.3778,0.41171
5307,1,314.261,243.131,315.515,241.357,1.255,-1.774,2.173,3.3778,0.41171
5308,0,242.695,218.279,244.470,217.130,1.775,-1.149,2.115,3.1197,0.48028
5308,1,329.326,220.559,330.603,218.647,1.277,-1.912,2.299,3.1197,0.48028
5309,0,245.293,207.600,247.056,206.648,1.762,-0.952,2.003,3.5907,0.51445
5309,1,335.363,209.408,336.714,207.596,1.351,-1.812,2.260,3.5907,0.51445
5310,0,246.625,193.271,248.817,192.162,2.192,-1.109,2.457,4.5790,0.56552
5310,1,342.907,194.467,344.435,192.811,1.528,-1.657,2.254,4.5790,0.56552
5311,0,247.941,185.450,250.311,184.513,2.370,-0.937,2.548,5.2549,0.59898
5311,1,348.710,186.375,350.250,185.052,1.539,-1.323,2.029,5.2549,0.59898
5312,0,248.466,173.530,251.258,172.581,2.792,-0.948,2.949,6.2102,0.66521
5312,1,359.596,174.452,360.975,173.530,1.379,-0.922,1.659,6.2102,0.66521
5313,0,248.284,169.609,251.127,168.720,2.843,-0.889,2.979,6.4566,0.68145
5313,1,362.342,170.501,363.575,169.853,1.233,-0.649,1.393,6.4566,0.68145
5314,0,246.972,161.278,250.512,160.560,3.541,-0.718,3.613,6.9989,0.72960
5314,1,370.501,162.395,371.745,162.337,1.244,-0.059,1.246,6.9989,0.72960
5315,0,246.499,159.206,250.017,158.364,3.519,-0.842,3.618,7.1239,0.74514
5315,1,373.133,160.438,374.353,160.402,1.221,-0.036,1.221,7.1239,0.74514
5316,0,239.511,153.683,243.751,153.320,4.240,-0.363,4.256,7.1502,0.80412
5316,1,380.391,155.437,381.292,156.678,0.901,1.241,1.534,7.1502,0.80412
5317,0,233.625,152.268,238.397,151.893,4.772,-0.375,4.787,7.0146,0.83119
5317,1,382.051,154.520,382.919,156.372,0.868,1.853,2.046,7.0146,0.83119
5318,0,222.742,146.923,228.514,146.965,5.771,0.042,5.772,6.7952,0.86807
5318,1,383.066,150.349,383.932,153.349,0.866,3.000,3.122,6.7952,0.86807
5319,0,208.446,141.678,215.029,141.903,6.583,0.225,6.587,6.3344,0.90199
5319,1,381.584,145.633,382.193,150.064,0.608,4.431,4.473,6.3344,0.90199
5320,0,199.054,135.603,206.682,135.963,7.628,0.360,7.636,6.1788,0.92313
5320,1,381.569,140.408,382.221,145.641,0.652,5.234,5.274,6.1788,0.92313
5321,0,194.652,132.257,202.842,132.760,8.190,0.503,8.206,6.1580,0.93338
5321,1,381.918,137.392,382.720,143.261,0.802,5.869,5.924,6.1580,0.93338
5322,0,178.119,121.615,187.964,122.997,9.845,1.382,9.942,6.3029,0.97167
5322,1,385.581,128.434,385.659,136.889,0.079,8.455,8.455,6.3029,0.97167
5323,0,160.609,112.065,172.154,113.712,11.545,1.647,11.661,6.0388,0.99828
5323,1,385.375,119.665,385.043,130.187,-0.332,10.522,10.527,6.0388,0.99828
5324,0,148.244,102.043,161.195,104.167,12.951,2.124,13.124,5.8746,1.01530
5324,1,385.700,110.700,385.268,122.985,-0.433,12.285,12.293,5.8746,1.01530
5325,0,142.317,96.370,156.093,99.037,13.775,2.667,14.031,5.8531,1.02356
5325,1,386.652,105.558,385.953,119.159,-0.699,13.600,13.618,5.8531,1.02356
5326,0,108.608,73.715,127.748,80.096,19.140,6.381,20.175,6.3635,1.06860
5326,1,395.235,84.370,392.885,106.013,-2.350,21.643,21.770,6.3635,1.06860
5327,0,102.917,70.933,123.148,77.679,20.231,6.746,21.326,6.5205,1.07550
5327,1,397.103,81.468,394.432,104.303,-2.671,22.836,22.991,6.5205,1.07550
5328,0,84.457,56.926,107.458,65.101,23.001,8.175,24.411,6.6779,1.09498
5328,1,402.782,66.960,398.522,94.083,-4.260,27.123,27.456,6.6779,1.09498
5329,0,64.243,36.763,91.864,48.097,27.621,11.334,29.856,6.6489,1.11232
5329,1,409.302,46.859,403.205,80.169,-6.097,33.310,33.864,6.6489,1.11232
5330,0,52.018,25.564,83.082,39.790,31.064,14.226,34.166,6.9491,1.12306
5330,1,414.523,36.202,407.172,74.233,-7.351,38.031,38.735,6.9491,1.12306
5331,0,40.361,16.357,75.075,33.010,34.713,16.652,38.501,7.3760,1.13291
5331,1,419.807,27.662,411.139,69.975,-8.667,42.314,43.192,7.3760,1.13291
5332,1,427.130,9.918,416.261,58.398,-10.869,48.480,49.684,7.5341,1.14547
5333,1,429.517,1.905,417.819,52.848,-11.698,50.943,52.269,7.4503,1.14914
5349,1,433.058,11.277,421.335,64.652,-11.722,53.376,54.648,7.9992,1.15780
5350,0,1.526,14.407,50.470,36.459,48.944,22.053,53.683,8.0659,1.15422
5350,1,429.754,22.024,419.174,71.830,-10.580,49.806,50.917,8.0659,1.15422
5351,0,4.284,18.846,51.938,39.866,47.654,21.020,52.084,8.0605,1.15243
5351,1,428.249,26.289,418.091,74.673,-10.158,48.385,49.439,8.0605,1.15243
5352,0,9.912,30.247,55.111,48.649,45.199,18.401,48.801,8.2003,1.14892
5352,1,425.071,36.679,415.901,82.233,-9.170,45.554,46.468,8.2003,1.14892
5353,0,16.185,41.609,58.428,58.174,42.243,16.565,45.375,8.4685,1.14566
5353,1,422.358,47.861,413.911,90.576,-8.447,42.716,43.543,8.4685,1.14566
5354,0,23.922,51.520,63.721,65.852,39.799,14.332,42.301,8.5758,1.14114
5354,1,419.566,56.754,412.196,96.507,-7.370,39.754,40.431,8.5758,1.14114
5355,0,27.954,55.216,66.684,68.679,38.730,13.463,41.003,8.5306,1.13831
5355,1,417.747,59.800,411.025,98.316,-6.722,38.516,39.098,8.5306,1.13831
5356,0,30.352,57.550,68.352,70.702,38.000,13.153,40.212,8.5648,1.13694
5356,1,417.009,61.877,410.583,99.749,-6.426,37.872,38.414,8.5648,1.13694
5357,0,37.059,64.335,72.850,76.328,35.791,11.993,37.747,8.7067,1.13328
5357,1,415.595,67.597,409.356,103.780,-6.239,36.183,36.717,8.7067,1.13328
5358,0,40.408,64.725,75.382,76.461,34.974,11.736,36.890,8.5838,1.13109
5358,1,414.800,67.673,408.927,103.184,-5.873,35.511,35.993,8.5838,1.13109
5359,0,43.727,66.756,78.181,78.187,34.455,11.430,36.301,8.5621,1.12895
5359,1,414.362,69.057,408.663,104.091,-5.700,35.034,35.494,8.5621,1.12895
5360,0,47.121,70.649,80.576,81.569,33.454,10.921,35.192,8.6404,1.12687
5360,1,413.422,72.758,408.002,106.888,-5.420,34.131,34.558,8.6404,1.12687
5361,0,49.841,73.559,82.574,84.098,32.734,10.539,34.389,8.6744,1.12489
5361,1,412.688,75.677,407.223,109.048,-5.465,33.371,33.815,8.6744,1.12489
5362,0,54.465,76.342,86.209,86.383,31.745,10.041,33.295,8.6371,1.12210
5362,1,412.424,78.956,407.135,111.218,-5.289,32.262,32.692,8.6371,1.12210
5363,0,55.461,77.169,55.184,77.207,-0.277,0.038,0.279,0.0396,0.00054
5363,1,412.423,80.066,412.563,79.986,0.140,-0.080,0.162,0.0396,0.00054
5364,0,57.784,78.954,57.397,78.922,-0.387,-0.031,0.388,0.1938,0.00166
5364,1,412.917,82.740,413.000,82.671,0.082,-0.069,0.107,0.1938,0.00166
5365,0,59.326,78.825,58.578,78.902,-0.748,0.077,0.752,0.2439,0.00214
5365,1,413.587,82.995,413.523,83.034,-0.064,0.039,0.075,0.2439,0.00214
5366,0,59.754,79.222,59.155,79.134,-0.599,-0.088,0.606,0.2594,0.00234
5366,1,413.808,83.393,413.843,83.344,0.035,-0.049,0.060,0.2594,0.00234
5367,0,61.225,80.271,60.416,80.145,-0.809,-0.126,0.819,0.2712,0.00271
5367,1,414.630,84.408,414.717,84.378,0.087,-0.029,0.092,0.2712,0.00271
5368,0,62.244,81.127,61.687,81.016,-0.557,-0.111,0.568,0.2934,0.00292
5368,1,415.633,85.196,415.815,85.149,0.183,-0.047,0.188,0.2934,0.00292
5369,0,62.683,81.434,62.335,81.131,-0.348,-0.303,0.462,0.2961,0.00290
5369,1,416.575,85.185,416.841,85.088,0.267,-0.097,0.284,0.2961,0.00290
5370,0,62.765,80.683,62.746,80.433,-0.020,-0.251,0.251,0.2934,0.00287
5370,1,417.539,84.480,417.814,84.419,0.275,-0.061,0.282,0.2934,0.00287
5371,0,63.457,79.551,63.299,79.300,-0.157,-0.251,0.297,0.3712,0.00283
5371,1,418.711,83.703,419.095,83.789,0.384,0.087,0.393,0.3712,0.00283
5372,0,63.677,78.904,62.613,78.660,-1.064,-0.244,1.092,0.4631,0.00262
5372,1,419.499,83.925,419.329,83.789,-0.170,-0.136,0.217,0.4631,0.00262
5373,0,63.612,77.797,62.815,77.515,-0.797,-0.282,0.845,0.4894,0.00287
5373,1,420.332,83.333,420.141,83.052,-0.191,-0.280,0.339,0.4894,0.00287
5374,0,63.469,76.785,62.645,76.712,-0.825,-0.073,0.828,0.4764,0.00309
5374,1,420.670,82.477,420.617,82.333,-0.053,-0.144,0.153,0.4764,0.00309
5375,0,63.778,78.632,62.444,78.290,-1.334,-0.341,1.377,0.4764,0.00308
5375,1,421.099,83.786,420.727,83.644,-0.372,-0.143,0.399,0.4764,0.00308
5376,0,63.686,78.636,62.389,78.240,-1.298,-0.395,1.357,0.4352,0.00310
5376,1,421.114,83.665,420.780,83.351,-0.334,-0.314,0.458,0.4352,0.00310
5377,0,63.624,78.444,62.348,77.993,-1.277,-0.452,1.354,0.4168,0.00307
5377,1,420.992,83.359,420.749,83.019,-0.243,-0.339,0.417,0.4168,0.00307
5378,0,63.770,78.870,62.259,78.602,-1.512,-0.268,1.535,0.4494,0.00281
5378,1,420.679,83.778,420.230,83.654,-0.449,-0.124,0.466,0.4494,0.00281
5379,0,63.704,78.639,62.139,78.216,-1.565,-0.422,1.621,0.4813,0.00251
5379,1,420.433,83.670,419.889,83.394,-0.544,-0.276,0.610,0.4813,0.00251
5380,0,63.645,77.980,62.078,77.553,-1.568,-0.426,1.624,0.4781,0.00237
5380,1,420.392,83.143,419.844,82.720,-0.548,-0.423,0.692,0.4781,0.00237
5381,0,63.442,76.350,61.904,75.880,-1.539,-0.470,1.609,0.4476,0.00203
5381,1,420.259,81.042,419.758,80.722,-0.502,-0.320,0.596,0.4476,0.00203
5382,0,63.016,75.677,61.466,75.416,-1.550,-0.261,1.572,0.4093,0.00187
5382,1,419.701,80.407,419.349,80.007,-0.352,-0.400,0.532,0.4093,0.00187
5383,0,62.485,75.684,60.958,75.360,-1.526,-0.325,1.560,0.3239,0.00182
5383,1,419.219,79.736,418.731,79.494,-0.488,-0.243,0.545,0.3239,0.00182
5384,0,61.942,76.394,60.668,76.016,-1.274,-0.378,1.329,0.2654,0.00181
5384,1,418.480,80.241,418.186,79.822,-0.294,-0.419,0.512,0.2654,0.00181
5385,0,61.701,76.542,60.334,76.035,-1.367,-0.507,1.458,0.2167,0.00184
5385,1,417.803,80.184,417.697,79.623,-0.106,-0.561,0.571,0.2167,0.00184
5386,0,60.861,75.405,59.714,74.947,-1.146,-0.458,1.234,0.2017,0.00192
5386,1,416.797,79.303,416.683,78.763,-0.114,-0.539,0.551,0.2017,0.00192
5387,0,61.039,75.221,59.955,74.835,-1.084,-0.386,1.151,0.2502,0.00229
5387,1,415.701,79.496,415.444,79.033,-0.257,-0.462,0.529,0.2502,0.00229
5388,0,62.385,75.376,61.252,74.991,-1.133,-0.385,1.197,0.2471,0.00300
5388,1,415.476,79.563,415.186,79.118,-0.289,-0.445,0.531,0.2471,0.00300
5389,0,64.427,76.458,63.174,75.966,-1.253,-0.492,1.346,0.2341,0.00407
5389,1,415.189,80.264,415.018,79.816,-0.171,-0.449,0.480,0.2341,0.00407
5390,0,66.560,77.426,65.197,76.895,-1.363,-0.530,1.463,0.2374,0.00567
5390,1,414.640,80.715,414.259,80.449,-0.381,-0.266,0.464,0.2374,0.00567
5391,0,69.635,78.846,68.192,78.598,-1.443,-0.247,1.464,0.2961,0.00810
5391,1,413.769,81.786,413.287,81.798,-0.481,0.012,0.481,0.2961,0.00810
5392,0,80.181,88.445,78.261,87.844,-1.920,-0.601,2.012,0.3733,0.01621
5392,1,411.021,90.515,410.533,90.644,-0.489,0.130,0.506,0.3733,0.01621
5393,0,87.903,94.322,86.040,93.641,-1.863,-0.681,1.984,0.5482,0.02241
5393,1,409.600,96.243,409.208,96.345,-0.392,0.101,0.405,0.5482,0.02241
5394,0,98.332,101.547,96.032,101.179,-2.300,-0.368,2.330,0.8108,0.03030
5394,1,408.707,103.019,408.162,103.390,-0.546,0.370,0.660,0.8108,0.03030
5395,0,109.537,109.484,107.220,109.132,-2.317,-0.351,2.343,1.1149,0.03973
5395,1,407.894,110.414,407.194,110.866,-0.700,0.452,0.834,1.1149,0.03973
5396,0,120.273,115.032,118.012,114.861,-2.261,-0.171,2.267,1.5375,0.05085
5396,1,406.250,115.828,405.371,116.488,-0.878,0.660,1.099,1.5375,0.05085
5397,0,130.860,118.325,128.761,118.161,-2.100,-0.163,2.106,2.1996,0.06366
5397,1,403.869,119.517,403.174,120.079,-0.696,0.562,0.894,2.1996,0.06366
5398,0,136.790,119.617,134.740,119.660,-2.050,0.043,2.050,2.6128,0.07072
5398,1,403.272,120.878,402.437,121.685,-0.835,0.807,1.161,2.6128,0.07072
5399,0,155.306,123.591,153.341,124.107,-1.965,0.517,2.032,3.9923,0.09474
5399,1,401.395,125.123,400.433,126.132,-0.962,1.008,1.394,3.9923,0.09474
5400,0,171.151,128.535,169.475,129.206,-1.676,0.671,1.805,5.2835,0.12252
5400,1,397.596,129.736,396.460,130.990,-1.136,1.254,1.692,5.2835,0.12252
5401,0,180.604,131.106,179.094,132.005,-1.511,0.899,1.758,6.1595,0.14299
5401,1,394.382,132.392,393.268,133.597,-1.113,1.204,1.640,6.1595,0.14299
5402,0,184.932,132.336,183.439,133.285,-1.493,0.949,1.768,6.5926,0.15375
5402,1,392.579,133.409,391.452,134.765,-1.127,1.356,1.763,6.5926,0.15375
5403,0,193.241,134.923,191.747,136.298,-1.494,1.375,2.030,7.3567,0.17635
5403,1,388.797,135.887,387.787,137.529,-1.010,1.642,1.928,7.3567,0.17635
5404,0,199.946,137.853,198.678,139.330,-1.267,1.477,1.947,8.0206,0.20023
5404,1,384.570,138.644,383.440,140.307,-1.130,1.663,2.011,8.0206,0.20023
5405,0,207.600,140.722,206.481,142.193,-1.119,1.472,1.849,9.0291,0.23784
5405,1,376.932,141.099,375.945,142.648,-0.987,1.549,1.837,9.0291,0.23784
5406,0,210.334,140.670,209.177,141.976,-1.158,1.306,1.746,9.4508,0.25071
5406,1,374.965,140.712,373.978,142.251,-0.987,1.539,1.829,9.4508,0.25071
5407,0,219.620,137.533,218.577,138.617,-1.043,1.084,1.504,10.8425,0.29051
5407,1,371.484,137.347,370.421,138.715,-1.063,1.367,1.732,10.8425,0.29051
5408,0,225.472,137.457,224.431,138.755,-1.041,1.299,1.665,11.3765,0.31775
5408,1,369.460,137.611,368.337,139.211,-1.123,1.600,1.955,11.3765,0.31775
5409,0,228.437,138.525,227.410,139.957,-1.027,1.432,1.762,11.4868,0.33128
5409,1,368.553,138.987,367.580,140.616,-0.973,1.629,1.897,11.4868,0.33128
5410,0,237.677,141.099,236.607,142.494,-1.069,1.396,1.758,11.8424,0.37147
5410,1,367.604,142.146,366.700,143.612,-0.904,1.466,1.722,11.8424,0.37147
5411,0,248.184,141.983,246.750,143.577,-1.434,1.594,2.144,12.2850,0.41163
5411,1,369.496,143.320,368.109,144.840,-1.387,1.520,2.058,12.2850,0.41163
5412,0,253.274,143.077,251.836,144.501,-1.438,1.425,2.025,12.5028,0.43819
5412,1,369.508,144.299,368.060,145.701,-1.447,1.402,2.015,12.5028,0.43819
5413,0,257.695,140.619,256.501,141.993,-1.194,1.374,1.821,13.1581,0.47752
5413,1,367.510,141.684,366.087,143.191,-1.423,1.507,2.072,13.1581,0.47752
5414,0,260.823,140.628,259.594,142.434,-1.229,1.806,2.185,13.3306,0.50314
5414,1,366.579,141.905,365.159,143.781,-1.420,1.876,2.352,13.3306,0.50314
5415,0,262.394,142.075,260.923,143.848,-1.472,1.773,2.304,13.2651,0.51598
5415,1,365.827,143.537,364.529,145.258,-1.297,1.721,2.155,13.2651,0.51598
5416,0,264.794,148.594,263.447,150.346,-1.346,1.752,2.210,12.8258,0.56549
5416,1,361.593,150.641,360.102,152.413,-1.491,1.771,2.315,12.8258,0.56549
5417,0,265.701,151.170,264.426,152.919,-1.276,1.749,2.165,12.6912,0.58931
5417,1,359.541,153.525,358.077,155.320,-1.464,1.795,2.316,12.6912,0.58931
5418,0,267.526,159.594,266.119,161.412,-1.407,1.818,2.299,11.9800,0.62365
5418,1,356.846,162.395,355.602,164.008,-1.245,1.614,2.038,11.9800,0.62365
5419,0,269.245,165.034,267.863,166.858,-1.382,1.824,2.288,11.5263,0.64606
5419,1,356.170,167.697,354.811,169.525,-1.359,1.828,2.278,11.5263,0.64606
5420,0,270.441,167.099,268.988,168.816,-1.452,1.717,2.249,11.3882,0.65702
5420,1,356.105,169.688,354.766,171.469,-1.339,1.781,2.229,11.3882,0.65702
5421,0,274.659,170.909,273.349,172.742,-1.309,1.833,2.253,11.1918,0.68859
5421,1,357.352,173.618,355.947,175.384,-1.405,1.766,2.257,11.1918,0.68859
5422,0,276.636,173.674,275.333,175.588,-1.302,1.915,2.315,11.0005,0.70823
5422,1,357.376,176.548,356.051,178.418,-1.325,1.870,2.292,11.0005,0.70823
5423,0,277.333,181.574,275.895,183.429,-1.438,1.855,2.347,10.2309,0.73532
5423,1,355.577,184.809,354.077,186.643,-1.500,1.834,2.369,10.2309,0.73532
5424,0,279.493,187.897,277.958,189.755,-1.535,1.858,2.410,9.6245,0.75965
5424,1,355.443,191.416,354.003,193.083,-1.440,1.666,2.202,9.6245,0.75965
5425,0,280.628,194.191,279.278,195.874,-1.350,1.682,2.157,8.9970,0.78158
5425,1,354.781,197.512,353.507,199.067,-1.274,1.555,2.010,8.9970,0.78158
5426,0,280.557,194.966,279.117,196.697,-1.441,1.731,2.252,8.9075,0.78835
5426,1,354.236,198.283,352.823,199.824,-1.413,1.541,2.091,8.9075,0.78835
5427,0,279.004,192.600,277.663,194.195,-1.341,1.595,2.084,9.1768,0.80732
5427,1,351.461,195.425,350.028,196.865,-1.433,1.441,2.032,9.1768,0.80732
5428,0,277.304,185.825,275.780,187.469,-1.525,1.644,2.242,9.9341,0.82474
5428,1,348.514,187.850,347.043,189.402,-1.471,1.552,2.139,9.9341,0.82474
5429,0,273.377,183.337,271.797,184.908,-1.580,1.571,2.228,10.1933,0.84033
5429,1,343.554,184.623,342.075,186.390,-1.479,1.767,2.304,10.1933,0.84033
5430,0,270.724,183.500,269.333,185.011,-1.391,1.511,2.054,10.1609,0.84970
5430,1,340.461,184.565,339.010,186.238,-1.451,1.673,2.214,10.1609,0.84970
5431,0,268.199,182.162,266.726,183.761,-1.472,1.599,2.174,10.2889,0.86280
5431,1,336.910,183.255,335.596,184.740,-1.314,1.485,1.983,10.2889,0.86280
5432,0,267.479,181.466,266.010,183.059,-1.469,1.593,2.167,10.3630,0.86694
5432,1,335.765,182.562,334.633,184.030,-1.132,1.468,1.854,10.3630,0.86694
5433,0,266.211,180.109,264.673,181.747,-1.538,1.639,2.247,10.4935,0.87488
5433,1,334.267,181.226,332.827,182.733,-1.440,1.508,2.085,10.4935,0.87488
5434,0,264.668,174.656,263.457,176.279,-1.212,1.623,2.026,11.0764,0.88923
5434,1,332.221,175.685,330.823,177.326,-1.398,1.641,2.156,11.0764,0.88923
5435,0,266.881,170.614,265.612,172.228,-1.269,1.615,2.054,11.4287,0.90153
5435,1,333.586,172.099,332.251,173.630,-1.336,1.531,2.031,11.4287,0.90153
5436,0,268.567,165.803,267.117,167.365,-1.449,1.562,2.131,11.9414,0.90988
5436,1,334.631,167.562,333.325,168.919,-1.307,1.357,1.884,11.9414,0.90988
5437,0,270.461,161.708,268.795,163.463,-1.666,1.755,2.420,12.3580,0.91774
5437,1,335.908,163.444,334.596,164.991,-1.312,1.547,2.029,12.3580,0.91774
5438,0,271.411,162.619,269.789,164.325,-1.622,1.706,2.354,12.2172,0.92765
5438,1,336.418,164.131,334.980,165.712,-1.438,1.581,2.137,12.2172,0.92765
5439,0,271.740,163.618,270.416,165.188,-1.324,1.570,2.054,12.0950,0.93713
5439,1,336.494,164.827,335.038,166.462,-1.456,1.635,2.189,12.0950,0.93713
5440,0,273.357,163.222,271.772,164.838,-1.585,1.617,2.264,12.1282,0.94379
5440,1,337.542,164.540,336.008,166.054,-1.534,1.514,2.156,12.1282,0.94379
5441,0,274.317,166.563,272.738,168.163,-1.579,1.600,2.248,11.7355,0.95455
5441,1,337.646,167.759,336.291,169.407,-1.355,1.648,2.134,11.7355,0.95455
5442,0,274.139,168.878,272.636,170.613,-1.503,1.735,2.296,11.4630,0.95791
5442,1,337.533,170.502,335.953,171.961,-1.580,1.459,2.150,11.4630,0.95791
5443,0,273.599,169.551,272.085,171.121,-1.514,1.570,2.181,11.4287,0.95910
5443,1,336.620,170.929,335.334,172.484,-1.285,1.555,2.018,11.4287,0.95910
5444,0,272.264,168.666,270.680,170.319,-1.584,1.653,2.290,11.5850,0.95984
5444,1,335.488,169.938,333.930,171.600,-1.558,1.661,2.278,11.5850,0.95984
5445,0,271.391,169.354,269.824,170.848,-1.566,1.494,2.164,11.5736,0.95905
5445,1,334.596,170.588,333.123,172.096,-1.474,1.508,2.109,11.5736,0.95905
5446,0,271.105,168.965,269.660,170.595,-1.446,1.630,2.179,11.6442,0.95737
5446,1,334.528,170.394,333.060,171.823,-1.468,1.428,2.048,11.6442,0.95737
5447,0,272.259,166.601,270.650,168.262,-1.609,1.661,2.313,11.9843,0.95470
5447,1,335.640,167.670,334.241,169.284,-1.399,1.614,2.136,11.9843,0.95470
5448,0,272.221,165.817,270.641,167.581,-1.580,1.764,2.369,12.1158,0.95222
5448,1,335.702,167.069,334.388,168.571,-1.314,1.502,1.996,12.1158,0.95222
5449,0,271.718,165.710,270.315,167.462,-1.403,1.751,2.244,12.1654,0.95091
5449,1,335.602,166.694,334.145,168.476,-1.457,1.782,2.302,12.1654,0.95091
5450,0,271.533,166.261,270.103,167.796,-1.430,1.535,2.097,12.1567,0.95028
5450,1,335.494,167.334,333.968,168.835,-1.526,1.501,2.141,12.1567,0.95028
5451,0,271.744,166.419,270.475,167.981,-1.269,1.562,2.012,12.1620,0.95005
5451,1,335.695,167.566,334.346,168.993,-1.349,1.427,1.964,12.1620,0.95005
5452,0,272.366,166.549,270.889,168.117,-1.477,1.568,2.154,12.1572,0.95007
5452,1,336.202,167.568,334.751,169.137,-1.451,1.568,2.136,12.1572,0.95007
5453,0,271.771,167.597,270.474,169.060,-1.297,1.463,1.955,12.0484,0.95021
5453,1,335.634,168.594,334.313,170.129,-1.321,1.535,2.025,12.0484,0.95021
5454,0,271.559,167.612,270.108,169.171,-1.451,1.559,2.130,12.0381,0.95030
5454,1,335.439,168.674,333.944,170.247,-1.496,1.572,2.170,12.0381,0.95030
5455,0,271.475,166.904,269.914,168.537,-1.561,1.633,2.259,12.1130,0.95051
5455,1,335.126,168.100,333.752,169.623,-1.374,1.523,2.051,12.1130,0.95051
5456,0,271.518,166.357,270.095,167.951,-1.423,1.593,2.137,12.1692,0.95058
5456,1,335.469,167.566,333.935,169.104,-1.534,1.538,2.172,12.1692,0.95058
5457,0,271.691,166.594,270.366,168.262,-1.324,1.667,2.129,12.1147,0.95063
5457,1,335.589,167.834,334.189,169.497,-1.399,1.663,2.174,12.1147,0.95063
5458,0,271.776,168.321,270.590,169.783,-1.186,1.462,1.882,11.8789,0.95064
5458,1,335.655,169.690,334.363,171.389,-1.292,1.699,2.135,11.8789,0.95064
5459,0,272.246,166.959,270.779,168.590,-1.467,1.631,2.193,11.9951,0.95132
5459,1,335.755,168.741,334.529,170.313,-1.225,1.572,1.993,11.9951,0.95132
5460,0,272.357,168.397,270.798,169.974,-1.559,1.577,2.217,11.8359,0.95247
5460,1,335.766,169.690,334.458,171.521,-1.308,1.831,2.250,11.8359,0.95247
5461,0,271.560,170.671,270.083,172.439,-1.476,1.769,2.304,11.5512,0.95374
5461,1,334.955,172.393,333.635,173.908,-1.320,1.515,2.010,11.5512,0.95374
5462,0,270.966,171.747,269.537,173.614,-1.429,1.867,2.351,11.4134,0.95513
5462,1,334.527,173.505,332.996,175.051,-1.531,1.546,2.176,11.4134,0.95513
5463,0,271.111,172.622,269.637,174.427,-1.474,1.806,2.331,11.3097,0.95586
5463,1,334.513,174.339,333.039,175.843,-1.474,1.503,2.105,11.3097,0.95586
5464,0,271.299,173.576,269.771,175.135,-1.528,1.559,2.183,11.2035,0.95700
5464,1,334.603,174.832,333.092,176.536,-1.510,1.705,2.277,11.2035,0.95700
5465,0,271.257,173.227,269.696,174.859,-1.561,1.632,2.258,11.2107,0.95798
5465,1,334.477,174.578,332.966,176.261,-1.510,1.683,2.261,11.2107,0.95798
5466,0,270.562,173.862,269.150,175.524,-1.412,1.662,2.181,11.0995,0.95904
5466,1,333.611,175.425,332.353,176.959,-1.258,1.534,1.984,11.0995,0.95904
5467,0,270.328,174.464,268.873,175.961,-1.455,1.498,2.088,11.0349,0.95984
5467,1,333.440,175.630,332.025,177.401,-1.415,1.771,2.267,11.0349,0.95984
5468,0,270.587,175.491,269.258,177.064,-1.329,1.573,2.059,10.8895,0.96050
5468,1,333.624,176.971,332.346,178.552,-1.279,1.582,2.034,10.8895,0.96050
5469,0,270.741,176.314,269.526,177.853,-1.215,1.539,1.961,10.7855,0.96111
5469,1,333.756,177.850,332.557,179.452,-1.199,1.602,2.001,10.7855,0.96111
5470,0,270.737,176.545,269.485,178.026,-1.252,1.481,1.939,10.7667,0.96164
5470,1,333.652,178.032,332.484,179.606,-1.168,1.574,1.960,10.7667,0.96164
5471,0,271.586,176.603,270.027,178.113,-1.559,1.510,2.170,10.7510,0.96260
5471,1,334.484,177.913,332.965,179.573,-1.519,1.660,2.250,10.7510,0.96260
5472,0,271.540,176.229,269.995,177.745,-1.545,1.516,2.164,10.7887,0.96284
5472,1,334.456,177.613,332.925,179.221,-1.531,1.608,2.220,10.7887,0.96284
5473,0,271.587,175.451,270.032,176.978,-1.555,1.527,2.179,10.8661,0.96321
5473,1,334.469,176.873,332.951,178.498,-1.518,1.625,2.224,10.8661,0.96321
5474,0,271.732,175.138,270.403,176.734,-1.329,1.596,2.077,10.8878,0.96346
5474,1,334.626,176.633,333.307,178.251,-1.319,1.618,2.088,10.8878,0.96346
5475,0,272.179,174.865,270.677,176.668,-1.502,1.803,2.347,10.8950,0.96360
5475,1,334.834,176.612,333.572,178.176,-1.263,1.564,2.010,10.8950,0.96360
5476,0,272.364,174.753,270.770,176.484,-1.594,1.730,2.352,10.9093,0.96375
5476,1,334.884,176.541,333.656,178.024,-1.228,1.483,1.926,10.9093,0.96375
5477,0,272.499,174.676,270.874,176.347,-1.625,1.671,2.331,10.9234,0.96361
5477,1,335.145,176.344,333.769,177.847,-1.376,1.503,2.038,10.9234,0.96361
5478,0,272.301,174.089,270.719,175.694,-1.582,1.606,2.254,11.0056,0.96331
5478,1,334.916,175.577,333.646,177.142,-1.270,1.565,2.015,11.0056,0.96331
5479,0,271.700,172.647,270.318,174.340,-1.382,1.692,2.185,11.1748,0.96281
5479,1,334.619,174.215,333.306,175.713,-1.313,1.499,1.993,11.1748,0.96281
5480,0,271.619,172.825,270.296,174.547,-1.322,1.722,2.171,11.1484,0.96231
5480,1,334.583,174.491,333.308,175.911,-1.276,1.420,1.909,11.1484,0.96231
5481,0,271.816,172.605,270.486,174.226,-1.330,1.621,2.096,11.1813,0.96220
5481,1,334.709,174.251,333.506,175.628,-1.203,1.377,1.828,11.1813,0.96220
5482,0,272.211,172.556,270.705,174.012,-1.506,1.456,2.095,11.1823,0.96240
5482,1,334.935,173.992,333.711,175.436,-1.224,1.443,1.892,11.1823,0.96240
5483,0,272.272,172.709,270.766,174.326,-1.506,1.617,2.210,11.1394,0.96247
5483,1,334.946,174.530,333.762,175.751,-1.185,1.221,1.701,11.1394,0.96247
5484,0,271.909,172.652,270.640,174.186,-1.270,1.534,1.991,11.1527,0.96250
5484,1,334.831,174.355,333.639,175.605,-1.193,1.251,1.728,11.1527,0.96250
5485,0,271.863,173.055,270.557,174.509,-1.306,1.454,1.954,11.1029,0.96262
5485,1,334.747,174.567,333.544,175.904,-1.202,1.336,1.798,11.1029,0.96262
5486,0,271.813,172.563,270.466,173.959,-1.347,1.395,1.939,11.1610,0.96243
5486,1,334.691,173.943,333.476,175.323,-1.215,1.380,1.838,11.1610,0.96243
5487,0,270.714,172.461,269.509,173.904,-1.206,1.443,1.881,11.1762,0.96227
5487,1,333.664,173.681,332.547,175.188,-1.117,1.507,1.876,11.1762,0.96227
5488,0,270.576,172.659,269.230,174.148,-1.346,1.489,2.008,11.1494,0.96219
5488,1,333.552,173.962,332.273,175.383,-1.279,1.422,1.912,11.1494,0.96219
5489,0,270.934,171.823,269.551,173.449,-1.383,1.625,2.134,11.2170,0.96235
5489,1,333.724,173.483,332.593,174.794,-1.132,1.312,1.732,11.2170,0.96235
5490,0,271.512,173.277,270.027,174.684,-1.485,1.407,2.045,11.0741,0.96259
5490,1,334.415,174.590,333.028,176.050,-1.387,1.461,2.014,11.0741,0.96259
5491,0,271.505,173.587,269.976,174.874,-1.529,1.287,1.999,11.0518,0.96262
5491,1,334.356,174.752,332.974,176.235,-1.381,1.482,2.026,11.0518,0.96262
5492,0,271.196,173.408,269.647,174.785,-1.549,1.377,2.072,11.0604,0.96266
5492,1,333.897,174.741,332.649,176.158,-1.249,1.417,1.889,11.0604,0.96266
5493,0,271.158,172.648,271.175,172.882,0.017,0.235,0.235,0.0685,0.00015
5493,1,333.829,174.442,334.189,174.292,0.360,-0.151,0.390,0.0685,0.00015
5494,0,271.365,172.453,271.387,172.500,0.022,0.047,0.052,0.1119,0.00059
5494,1,334.199,173.839,334.420,173.938,0.221,0.099,0.242,0.1119,0.00059
5495,0,271.242,171.766,271.189,172.021,-0.053,0.255,0.261,0.1679,0.00053
5495,1,334.056,173.505,334.238,173.479,0.182,-0.026,0.183,0.1679,0.00053
5496,0,271.316,171.590,271.287,171.777,-0.029,0.187,0.189,0.2167,0.00075
5496,1,334.198,173.207,334.350,173.295,0.152,0.088,0.176,0.2167,0.00075
5497,0,271.626,171.572,271.794,171.724,0.168,0.152,0.226,0.2502,0.00110
5497,1,334.637,173.245,334.862,173.285,0.225,0.041,0.229,0.2502,0.00110
5498,0,271.765,171.095,271.944,171.198,0.179,0.103,0.207,0.3115,0.00116
5498,1,334.828,172.646,335.026,172.791,0.199,0.145,0.246,0.3115,0.00116
5499,0,271.728,169.621,271.761,169.752,0.033,0.130,0.134,0.4494,0.00113
5499,1,334.687,171.417,334.873,171.370,0.186,-0.047,0.192,0.4494,0.00113
5500,0,271.613,168.782,271.669,169.055,0.056,0.273,0.279,0.5174,0.00130
5500,1,334.633,170.624,334.801,170.678,0.168,0.055,0.177,0.5174,0.00130
5501,0,271.634,169.383,271.813,169.450,0.179,0.067,0.191,0.4829,0.00115
5501,1,334.642,170.928,334.929,171.084,0.287,0.156,0.327,0.4829,0.00115
5502,0,271.791,170.441,271.932,170.430,0.141,-0.011,0.142,0.3976,0.00098
5502,1,334.797,171.910,335.016,172.078,0.219,0.167,0.276,0.3976,0.00098
5503,0,272.805,170.500,273.031,170.527,0.226,0.027,0.228,0.5308,0.00126
5503,1,335.747,172.388,336.109,172.323,0.362,-0.065,0.368,0.5308,0.00126
5504,0,276.816,171.538,277.063,171.531,0.247,-0.008,0.247,0.9852,0.00397
5504,1,339.917,173.618,340.193,173.615,0.277,-0.003,0.277,0.9852,0.00397
5505,0,280.572,171.603,280.681,171.676,0.109,0.074,0.132,1.5092,0.01147
5505,1,343.784,173.940,344.139,174.055,0.355,0.116,0.373,1.5092,0.01147
5506,0,281.626,171.621,281.840,171.837,0.214,0.216,0.304,1.7041,0.01719
5506,1,345.554,174.380,345.578,174.342,0.025,-0.039,0.046,1.7041,0.01719
5507,0,281.827,172.398,282.017,172.369,0.191,-0.029,0.193,1.7932,0.02440
5507,1,345.934,174.789,346.122,174.979,0.188,0.189,0.267,1.7932,0.02440
5508,0,280.214,174.636,280.337,174.823,0.123,0.187,0.223,1.8153,0.04399
5508,1,345.261,177.642,345.454,177.679,0.193,0.037,0.196,1.8153,0.04399
5509,0,280.354,179.844,280.617,180.038,0.262,0.193,0.326,2.1619,0.06291
5509,1,346.418,183.399,346.664,183.260,0.246,-0.139,0.282,2.1619,0.06291
5510,0,282.073,190.440,282.452,190.389,0.378,-0.051,0.382,3.0086,0.08564
5510,1,349.452,194.387,349.591,194.068,0.139,-0.318,0.347,3.0086,0.08564
5511,0,285.506,201.834,285.697,201.717,0.191,-0.117,0.224,4.1625,0.11171
5511,1,353.901,206.421,354.212,205.792,0.311,-0.629,0.702,4.1625,0.11171
5512,0,286.768,216.501,287.387,216.085,0.619,-0.416,0.746,5.5069,0.15143
5512,1,358.197,221.378,358.321,220.441,0.124,-0.937,0.945,5.5069,0.15143
5513,0,285.439,220.701,286.017,220.393,0.578,-0.308,0.655,5.7179,0.19583
5513,1,359.700,225.560,360.093,224.688,0.393,-0.873,0.957,5.7179,0.19583
5514,0,281.360,221.411,282.144,220.786,0.784,-0.625,1.003,5.5290,0.24431
5514,1,359.596,226.225,360.055,225.032,0.459,-1.193,1.279,5.5290,0.24431
5515,0,278.677,221.280,279.709,220.612,1.032,-0.668,1.229,5.3223,0.28388
5515,1,360.668,225.623,361.078,224.507,0.410,-1.116,1.189,5.3223,0.28388
5516,0,277.633,222.403,278.689,221.751,1.056,-0.652,1.241,5.3956,0.29773
5516,1,360.794,226.708,361.331,225.582,0.537,-1.126,1.247,5.3956,0.29773
5517,0,275.599,226.511,276.869,225.864,1.269,-0.647,1.425,5.9552,0.33991
5517,1,363.252,231.336,363.622,229.869,0.371,-1.467,1.513,5.9552,0.33991
5518,0,272.594,228.874,274.100,228.223,1.506,-0.651,1.641,6.5176,0.39777
5518,1,366.783,233.710,367.238,232.367,0.455,-1.343,1.418,6.5176,0.39777
5519,0,272.276,226.762,274.070,226.030,1.794,-0.732,1.937,6.7447,0.44159
5519,1,372.508,231.560,372.686,230.198,0.178,-1.363,1.374,6.7447,0.44159
5520,0,269.798,223.029,271.973,222.156,2.175,-0.873,2.343,6.7807,0.48542
5520,1,376.631,227.562,376.759,226.297,0.127,-1.265,1.272,6.7807,0.48542
5521,0,265.488,220.724,267.744,219.916,2.256,-0.808,2.396,6.9622,0.52893
5521,1,379.631,225.182,379.441,224.033,-0.191,-1.149,1.165,6.9622,0.52893
5522,0,263.362,218.749,265.749,217.884,2.387,-0.865,2.539,6.8587,0.54307
5522,1,379.974,223.129,379.905,221.927,-0.069,-1.201,1.203,6.8587,0.54307
5523,0,258.538,208.572,261.417,207.564,2.880,-1.008,3.051,6.3264,0.58440
5523,1,383.735,212.481,383.439,211.542,-0.296,-0.939,0.984,6.3264,0.58440
5524,0,253.636,201.752,256.967,200.953,3.332,-0.799,3.426,6.3446,0.62443
5524,1,388.382,205.209,387.631,204.877,-0.751,-0.333,0.821,6.3446,0.62443
5525,0,245.843,196.581,249.772,195.795,3.929,-0.786,4.007,6.5468,0.66248
5525,1,390.712,199.086,389.831,199.304,-0.881,0.218,0.908,6.5468,0.66248
5526,0,232.540,189.468,237.504,188.665,4.964,-0.803,5.029,7.0680,0.70965
5526,1,392.566,191.359,391.174,192.546,-1.392,1.186,1.828,7.0680,0.70965
5527,0,223.351,182.393,229.114,182.025,5.764,-0.367,5.776,7.6361,0.74196
5527,1,395.348,185.142,393.585,187.591,-1.763,2.449,3.018,7.6361,0.74196
5528,0,206.566,173.580,213.530,173.761,6.964,0.181,6.966,8.4861,0.78128
5528,1,395.582,178.708,393.388,182.894,-2.194,4.186,4.726,8.4861,0.78128
5529,0,201.330,170.579,208.558,170.935,7.228,0.356,7.236,8.6109,0.79036
5529,1,394.704,176.492,392.473,181.077,-2.231,4.584,5.098,8.6109,0.79036
5530,0,184.255,162.067,192.931,163.084,8.676,1.016,8.735,9.0357,0.81622
5530,1,391.947,169.739,389.557,175.985,-2.390,6.246,6.687,9.0357,0.81622
5531,0,166.456,155.384,176.702,157.171,10.245,1.787,10.400,9.5788,0.83958
5531,1,389.417,164.577,386.528,172.616,-2.890,8.039,8.542,9.5788,0.83958
5532,0,153.554,152.348,165.010,154.567,11.456,2.219,11.669,10.0310,0.85433
5532,1,387.411,162.308,384.219,171.349,-3.192,9.040,9.588,10.0310,0.85433
5533,0,134.355,143.400,148.071,146.311,13.716,2.911,14.021,10.2689,0.87501
5533,1,385.650,154.080,382.191,164.906,-3.459,10.826,11.366,10.2689,0.87501
5534,0,120.010,132.712,136.078,136.830,16.069,4.118,16.588,10.4445,0.89339
5534,1,388.563,143.688,384.484,157.141,-4.079,13.454,14.058,10.4445,0.89339
5535,0,104.311,118.411,123.023,123.564,18.712,5.153,19.408,10.4822,0.91450
5535,1,394.812,128.695,389.756,145.273,-5.056,16.579,17.332,10.4822,0.91450
5536,0,95.720,103.057,116.535,109.599,20.815,6.542,21.819,10.1682,0.92788
5536,1,402.236,112.752,396.072,132.628,-6.164,19.876,20.810,10.1682,0.92788
5537,0,88.816,91.239,111.598,99.551,22.782,8.312,24.251,10.3135,0.93952
5537,1,409.699,100.907,402.548,124.382,-7.151,23.475,24.540,10.3135,0.93952
5538,0,86.894,88.376,110.199,97.178,23.305,8.802,24.912,10.4387,0.94296
5538,1,412.204,98.250,404.578,122.566,-7.626,24.316,25.484,10.4387,0.94296
5539,0,78.918,78.755,104.000,88.484,25.082,9.729,26.903,10.5531,0.95234
5539,1,417.341,88.383,408.909,115.096,-8.432,26.712,28.012,10.5531,0.95234
5540,0,66.536,59.527,94.999,72.046,28.463,12.519,31.094,10.1084,0.96405
5540,1,424.976,66.439,415.070,98.726,-9.906,32.287,33.773,10.1084,0.96405
5541,0,61.348,56.231,91.442,69.621,30.093,13.390,32.938,10.3184,0.96865
5541,1,427.674,62.429,417.268,96.631,-10.406,34.202,35.750,10.3184,0.96865
5542,0,59.358,53.503,90.116,67.313,30.758,13.809,33.716,10.3581,0.97091
5542,1,429.569,60.197,418.837,95.115,-10.732,34.918,36.530,10.3581,0.97091
5543,0,56.620,51.386,88.365,65.993,31.746,14.607,34.945,10.3740,0.97314
5543,1,431.354,57.829,420.192,94.092,-11.162,36.263,37.942,10.3740,0.97314
5544,0,52.132,57.284,84.316,71.848,32.184,14.564,35.326,10.7732,0.97413
5544,1,428.739,64.041,417.743,99.848,-10.996,35.807,37.458,10.7732,0.97413
5545,0,46.547,62.255,79.692,76.445,33.145,14.190,36.055,10.9606,0.97472
5545,1,425.680,69.530,414.865,104.451,-10.816,34.921,36.558,10.9606,0.97472
5546,0,44.239,65.666,77.909,79.701,33.671,14.035,36.479,11.2066,0.97504
5546,1,424.443,73.794,413.729,108.219,-10.714,34.425,36.054,11.2066,0.97504
5547,0,44.317,66.488,78.112,80.340,33.795,13.852,36.524,11.2888,0.97519
5547,1,424.596,74.769,414.028,109.047,-10.568,34.278,35.870,11.2888,0.97519
5548,0,44.215,65.875,77.914,79.903,33.699,14.028,36.502,11.3549,0.97551
5548,1,424.870,74.891,414.173,109.118,-10.696,34.228,35.860,11.3549,0.97551
5549,0,45.360,66.479,79.036,80.239,33.677,13.761,36.380,11.4221,0.97569
5549,1,426.147,75.335,415.301,109.373,-10.846,34.038,35.724,11.4221,0.97569
5550,0,44.649,64.840,78.433,78.818,33.785,13.978,36.562,11.2597,0.97590
5550,1,426.538,72.807,415.426,107.338,-11.112,34.531,36.275,11.2597,0.97590
5551,0,45.131,66.669,78.691,80.471,33.560,13.801,36.287,11.3607,0.97587
5551,1,426.707,74.400,415.533,108.555,-11.174,34.155,35.936,11.3607,0.97587
5552,0,45.057,68.423,78.673,81.700,33.616,13.278,36.143,11.4264,0.97562
5552,1,426.479,76.486,415.304,110.020,-11.175,33.534,35.346,11.4264,0.97562
5553,0,44.323,67.321,77.936,80.819,33.613,13.498,36.222,11.3526,0.97549
5553,1,426.081,75.672,414.710,109.513,-11.371,33.840,35.700,11.3526,0.97549
5554,0,42.522,67.246,76.270,81.180,33.748,13.935,36.512,11.5371,0.97548
5554,1,424.659,77.293,413.211,111.178,-11.448,33.885,35.767,11.5371,0.97548
5555,0,40.372,66.706,74.428,80.941,34.056,14.235,36.911,11.7272,0.97566
5555,1,423.418,78.452,411.824,112.340,-11.594,33.888,35.816,11.7272,0.97566
5556,0,34.309,63.283,68.524,77.892,34.215,14.609,37.203,11.8096,0.97588
5556,1,420.038,77.471,407.559,111.439,-12.479,33.968,36.188,11.8096,0.97588
5557,0,27.510,60.665,62.948,76.167,35.438,15.503,38.680,11.9161,0.97583
5557,1,416.541,76.316,403.614,110.464,-12.927,34.148,36.513,11.9161,0.97583
5558,0,23.737,60.451,59.550,76.262,35.813,15.811,39.148,12.0690,0.97547
5558,1,414.654,76.347,401.004,110.595,-13.650,34.247,36.867,12.0690,0.97547
5559,0,16.871,59.706,53.569,75.937,36.698,16.230,40.127,12.3746,0.97487
5559,1,411.438,76.684,396.506,110.757,-14.932,34.074,37.202,12.3746,0.97487
5560,0,14.654,59.450,51.607,75.818,36.953,16.367,40.415,12.5661,0.97447
5560,1,410.493,77.332,394.976,111.062,-15.517,33.730,37.128,12.5661,0.97447
5561,0,12.820,60.646,49.368,77.211,36.548,16.566,40.127,13.0044,0.97383
5561,1,410.043,80.392,393.082,113.428,-16.961,33.036,37.135,13.0044,0.97383
5562,0,8.851,62.625,45.413,79.149,36.562,16.524,40.123,13.7736,0.97287
5562,1,408.526,85.414,389.636,117.186,-18.890,31.772,36.963,13.7736,0.97287
5563,0,6.627,64.829,43.166,81.358,36.539,16.529,40.104,14.4417,0.97210
5563,1,407.593,89.894,387.409,120.598,-20.184,30.704,36.744,14.4417,0.97210
5564,0,9.576,70.800,44.690,86.844,35.114,16.044,38.606,15.1680,0.97133
5564,1,409.513,96.543,387.680,126.128,-21.833,29.585,36.769,15.1680,0.97133
5565,0,13.328,76.455,47.271,91.604,33.943,15.149,37.170,15.6653,0.97086
5565,1,411.673,101.913,388.851,130.438,-22.822,28.524,36.531,15.6653,0.97086
5566,0,23.612,86.261,54.865,100.040,31.253,13.779,34.156,16.4752,0.96968
5566,1,417.574,111.470,392.367,138.131,-25.207,26.661,36.691,16.4752,0.96968
5567,0,31.869,91.842,61.085,104.842,29.217,13.000,31.978,16.9701,0.96871
5567,1,421.709,117.501,395.031,142.813,-26.679,25.312,36.776,16.9701,0.96871
5568,0,40.519,92.526,67.799,104.768,27.280,12.242,29.901,17.3865,0.96816
5568,1,426.851,119.505,398.159,143.504,-28.692,23.999,37.406,17.3865,0.96816
5569,0,43.429,91.657,69.782,104.072,26.353,12.415,29.131,17.6826,0.96782
5569,1,428.285,119.346,398.397,143.064,-29.889,23.718,38.156,17.6826,0.96782
5570,0,49.567,92.209,74.423,104.184,24.856,11.975,27.591,18.4357,0.96725
5570,1,430.311,119.514,398.811,142.478,-31.500,22.964,38.982,18.4357,0.96725
5571,0,56.678,91.610,79.991,103.359,23.313,11.749,26.106,18.9136,0.96720
5571,1,433.430,118.267,400.666,140.973,-32.765,22.705,39.863,18.9136,0.96720
5572,0,63.339,88.694,85.163,100.418,21.824,11.724,24.773,19.3336,0.96728
5572,1,436.253,115.760,402.290,138.450,-33.963,22.690,40.845,19.3336,0.96728
5573,0,72.311,82.496,92.629,94.288,20.318,11.792,23.492,19.6979,0.96768
5573,1,440.689,112.403,405.397,134.846,-35.292,22.444,41.824,19.6979,0.96768
5574,0,78.916,78.328,98.323,90.618,19.407,12.289,22.971,19.9067,0.96780
5574,1,443.858,110.863,407.792,133.446,-36.066,22.583,42.553,19.9067,0.96780
5575,0,84.712,75.477,103.374,88.065,18.662,12.588,22.511,20.0966,0.96767
5575,1,446.369,110.576,409.647,132.871,-36.722,22.295,42.960,20.0966,0.96767
5576,0,88.237,75.176,106.257,87.740,18.021,12.565,21.969,20.2591,0.96747
5576,1,447.390,111.477,410.461,133.490,-36.929,22.013,42.992,20.2591,0.96747
5577,0,97.620,79.230,113.980,91.673,16.360,12.443,20.554,20.5840,0.96627
5577,1,450.081,115.566,412.523,137.144,-37.558,21.578,43.315,20.5840,0.96627
5578,0,101.087,81.154,116.920,93.242,15.833,12.088,19.920,20.7476,0.96562
5578,1,450.610,117.569,412.985,138.661,-37.625,21.092,43.134,20.7476,0.96562
5579,0,102.536,80.603,118.141,92.798,15.605,12.196,19.806,20.7851,0.96533
5579,1,450.714,117.672,413.182,138.625,-37.531,20.953,42.984,20.7851,0.96533
5580,0,104.670,81.431,119.499,93.540,14.829,12.109,19.145,20.8746,0.96469
5580,1,450.799,119.049,413.030,139.740,-37.769,20.691,43.066,20.8746,0.96469
5581,0,105.573,82.626,120.268,94.595,14.695,11.969,18.952,20.8859,0.96415
5581,1,450.671,120.164,412.947,140.620,-37.725,20.456,42.914,20.8859,0.96415
5582,0,106.508,82.021,120.830,94.133,14.322,12.113,18.758,20.7899,0.96357
5582,1,450.658,119.658,412.970,140.292,-37.689,20.633,42.967,20.7899,0.96357
5583,0,106.790,82.039,120.928,94.271,14.138,12.233,18.695,20.7617,0.96305
5583,1,450.388,119.816,412.634,140.547,-37.754,20.731,43.071,20.7617,0.96305
5584,0,106.844,81.734,120.953,94.005,14.110,12.271,18.699,20.7350,0.96277
5584,1,449.891,119.566,412.443,140.225,-37.448,20.659,42.769,20.7350,0.96277
5585,0,108.452,80.814,122.403,93.176,13.951,12.362,18.640,20.5444,0.96251
5585,1,450.909,118.173,413.538,138.973,-37.371,20.801,42.769,20.5444,0.96251
5586,0,110.742,79.814,124.534,92.317,13.791,12.504,18.616,20.2237,0.96206
5586,1,452.674,116.411,415.270,137.622,-37.404,21.211,42.999,20.2237,0.96206
5587,0,110.616,78.999,124.523,91.564,13.907,12.565,18.743,19.9975,0.96136
5587,1,452.478,115.500,415.308,136.912,-37.170,21.412,42.896,19.9975,0.96136
5588,0,110.620,78.933,124.821,91.158,14.202,12.225,18.739,19.8112,0.96109
5588,1,452.580,115.396,415.842,136.557,-36.739,21.161,42.397,19.8112,0.96109
5589,0,108.380,77.801,122.863,90.039,14.484,12.237,18.961,19.6475,0.96091
5589,1,451.446,113.832,415.069,135.370,-36.377,21.539,42.275,19.6475,0.96091
5590,0,107.754,76.896,122.460,89.127,14.706,12.230,19.127,19.5502,0.96088
5590,1,451.363,112.849,415.073,134.444,-36.289,21.594,42.228,19.5502,0.96088
5591,0,106.640,71.504,121.793,83.979,15.153,12.476,19.628,18.9656,0.96077
5591,1,452.154,106.719,416.127,129.110,-36.027,22.391,42.419,18.9656,0.96077
5592,0,106.402,68.391,121.887,81.081,15.485,12.690,20.020,18.4327,0.96052
5592,1,453.030,103.126,417.443,125.984,-35.586,22.858,42.295,18.4327,0.96052
5593,0,112.854,67.492,129.213,80.053,16.359,12.560,20.625,16.7617,0.95865
5593,1,459.350,98.680,424.941,122.331,-34.409,23.651,41.754,16.7617,0.95865
5594,0,119.937,69.364,136.473,81.348,16.536,11.984,20.422,15.3503,0.95599
5594,1,464.261,97.866,430.983,121.558,-33.278,23.691,40.850,15.3503,0.95599
5595,0,129.810,73.879,146.497,84.994,16.688,11.115,20.051,13.3113,0.95155
5595,1,470.079,97.874,438.961,121.208,-31.117,23.334,38.894,13.3113,0.95155
5596,0,138.370,75.673,155.145,86.124,16.775,10.451,19.764,11.5346,0.94741
5596,1,474.705,96.727,445.580,119.754,-29.125,23.027,37.128,11.5346,0.94741
5597,0,148.183,81.052,165.013,90.515,16.829,9.463,19.308,10.0562,0.94301
5597,1,479.218,97.674,452.599,120.345,-26.619,22.671,34.965,10.0562,0.94301
5598,0,153.953,84.025,170.982,92.988,17.029,8.963,19.244,9.2500,0.93996
5598,1,481.309,97.914,456.582,120.266,-24.727,22.352,33.332,9.2500,0.93996
5599,0,163.470,88.147,180.533,96.758,17.063,8.611,19.113,8.5621,0.93539
5599,1,484.334,98.061,462.721,120.408,-21.613,22.347,31.089,8.5621,0.93539
5600,0,177.786,99.788,195.081,107.130,17.294,7.342,18.788,9.6885,0.92925
5600,1,486.844,103.538,471.153,124.702,-15.691,21.164,26.346,9.6885,0.92925
5601,0,183.834,104.704,200.966,111.653,17.132,6.949,18.488,10.7562,0.92722
5601,1,487.821,106.526,474.314,127.309,-13.507,20.783,24.786,10.7562,0.92722
5602,0,194.595,112.828,211.630,119.117,17.035,6.289,18.159,13.3224,0.92372
5602,1,487.698,111.977,479.029,132.009,-8.668,20.032,21.827,13.3224,0.92372
5603,0,197.946,117.264,214.973,123.062,17.028,5.798,17.988,14.6243,0.92239
5603,1,485.515,115.441,479.233,134.862,-6.282,19.421,20.412,14.6243,0.92239
5604,0,199.739,126.588,216.933,131.639,17.194,5.050,17.920,17.0371,0.92086
5604,1,476.023,124.375,474.682,142.584,-1.340,18.209,18.258,17.0371,0.92086
5605,0,198.485,133.583,215.776,138.212,17.291,4.629,17.900,19.0305,0.92053
5605,1,463.928,131.543,467.269,148.886,3.341,17.343,17.661,19.0305,0.92053
5606,0,196.516,135.078,214.030,139.602,17.514,4.524,18.089,19.7948,0.92099
5606,1,457.498,132.750,462.851,149.934,5.353,17.184,17.999,19.7948,0.92099
5607,0,191.997,136.496,191.900,136.655,-0.097,0.159,0.186,1.0631,0.01154
5607,1,446.683,133.558,446.021,133.352,-0.662,-0.206,0.694,1.0631,0.01154
5608,0,181.758,136.506,181.496,136.678,-0.262,0.172,0.313,2.3587,0.02930
5608,1,427.377,132.714,425.898,132.837,-1.479,0.124,1.485,2.3587,0.02930
5609,0,177.587,139.086,177.284,139.337,-0.302,0.251,0.393,3.1631,0.03874
5609,1,417.865,135.659,416.379,135.763,-1.487,0.104,1.490,3.1631,0.03874
5610,0,175.713,138.948,175.428,139.178,-0.285,0.230,0.366,4.0653,0.04725
5610,1,411.464,135.799,409.779,135.693,-1.685,-0.106,1.688,4.0653,0.04725
5611,0,175.664,137.662,175.265,137.923,-0.400,0.261,0.477,4.6642,0.05215
5611,1,408.707,133.973,406.929,133.877,-1.778,-0.096,1.781,4.6642,0.05215
5612,0,176.753,135.458,176.165,135.423,-0.588,-0.035,0.589,5.7864,0.06024
5612,1,405.595,130.574,403.462,130.200,-2.133,-0.373,2.165,5.7864,0.06024
5613,0,177.402,135.018,176.473,135.192,-0.928,0.174,0.945,6.2467,0.06358
5613,1,404.317,129.788,401.933,129.481,-2.384,-0.306,2.403,6.2467,0.06358
5614,0,177.389,134.905,176.209,135.230,-1.180,0.325,1.224,6.7856,0.06799
5614,1,401.754,129.191,399.231,128.902,-2.523,-0.290,2.540,6.7856,0.06799
5615,0,176.527,135.815,175.403,135.946,-1.124,0.131,1.132,7.1832,0.07156
5615,1,399.279,129.366,396.564,128.850,-2.715,-0.516,2.763,7.1832,0.07156
5616,0,175.530,137.516,174.081,137.305,-1.450,-0.210,1.465,7.7327,0.07661
5616,1,395.586,129.567,392.589,128.995,-2.997,-0.572,3.051,7.7327,0.07661
5617,0,174.510,136.724,173.018,136.653,-1.492,-0.071,1.494,7.7472,0.07743
5617,1,394.296,128.632,391.251,128.037,-3.045,-0.594,3.102,7.7472,0.07743
5618,0,171.695,135.093,170.431,134.905,-1.264,-0.189,1.278,7.7004,0.07882
5618,1,391.478,126.802,388.433,126.331,-3.044,-0.471,3.081,7.7004,0.07882
5619,0,170.704,134.754,169.356,134.583,-1.349,-0.171,1.360,7.6320,0.07911
5619,1,390.480,126.856,387.363,126.324,-3.117,-0.532,3.162,7.6320,0.07911
5620,0,169.708,133.695,168.708,133.420,-1.000,-0.275,1.037,7.5384,0.07908
5620,1,389.422,126.470,386.722,125.585,-2.700,-0.885,2.841,7.5384,0.07908
5621,0,167.827,133.922,166.616,133.702,-1.211,-0.220,1.231,7.2211,0.07867
5621,1,387.427,127.285,384.558,126.426,-2.869,-0.858,2.994,7.2211,0.07867
5622,0,161.537,136.663,160.212,136.256,-1.325,-0.406,1.386,6.2876,0.07725
5622,1,380.873,130.574,378.255,129.571,-2.618,-1.003,2.803,6.2876,0.07725
5623,0,154.668,134.196,153.400,133.251,-1.268,-0.945,1.582,5.1835,0.07524
5623,1,374.667,128.724,372.037,127.437,-2.630,-1.286,2.927,5.1835,0.07524
5624,0,147.551,128.551,146.248,127.609,-1.303,-0.942,1.608,4.0786,0.07321
5624,1,368.432,124.667,365.839,123.321,-2.592,-1.346,2.921,4.0786,0.07321
5625,0,137.760,117.478,136.993,116.567,-0.767,-0.911,1.191,2.5238,0.06887
5625,1,359.650,117.486,357.773,116.326,-1.877,-1.160,2.207,2.5238,0.06887
5626,0,135.825,114.528,134.974,113.520,-0.851,-1.008,1.319,2.3587,0.06788
5626,1,357.980,115.643,356.146,114.361,-1.834,-1.281,2.237,2.3587,0.06788
5627,0,123.611,78.489,123.039,76.611,-0.572,-1.878,1.963,4.3437,0.06314
5627,1,350.465,83.149,349.159,80.292,-1.306,-2.857,3.141,4.3437,0.06314
5628,0,118.627,72.433,118.467,72.805,-0.160,0.372,0.405,4.5768,0.06118
5628,1,346.900,72.647,345.822,71.964,-1.078,-0.682,1.276,4.5768,0.06118
5629,0,115.768,100.584,115.405,100.679,-0.363,0.095,0.375,4.8448,0.06049
5629,1,342.552,86.027,341.235,85.459,-1.317,-0.568,1.434,4.8448,0.06049
5630,0,108.145,141.717,107.859,141.725,-0.286,0.008,0.286,10.9009,0.06403
5630,1,331.676,104.524,330.563,103.485,-1.113,-1.039,1.523,10.9009,0.06403
5631,0,110.160,130.123,110.029,127.885,-0.131,-2.237,2.241,12.4938,0.07007
5631,1,332.976,84.891,332.288,80.804,-0.688,-4.087,4.144,12.4938,0.07007
5632,0,122.312,83.330,122.343,79.740,0.032,-3.590,3.590,10.9266,0.07734
5632,1,347.742,38.107,347.671,32.450,-0.071,-5.656,5.657,10.9266,0.07734
5633,0,133.844,24.299,134.709,19.614,0.865,-4.685,4.764,9.3382,0.08386
5644,1,483.056,2.004,484.173,-0.084,1.117,-2.087,2.368,11.2212,0.09075
