frame,id,green_x,green_y,red_x,red_y,dx,dy,dist,baseline_deg,baseline_m,dx_m,dy_m,dz_m,green_px
760,0,39.123,92.355,38.721,91.925,-0.402,-0.430,0.588,0.2203,0.00243,0.00036,0.00049,0.00236,221.49
760,1,407.831,92.279,407.756,91.929,-0.075,-0.350,0.358,0.2203,0.00243,0.00036,0.00049,0.00236,151.44
761,0,40.038,93.405,39.544,92.925,-0.494,-0.480,0.689,0.2712,0.00326,0.00017,0.00072,0.00318,220.68
761,1,407.479,93.301,407.237,93.035,-0.241,-0.266,0.359,0.2712,0.00326,0.00017,0.00072,0.00318,150.65
762,0,41.200,93.909,40.483,93.648,-0.716,-0.260,0.762,0.3239,0.00415,0.00004,0.00093,0.00404,219.80
762,1,406.864,94.399,406.733,94.128,-0.131,-0.271,0.301,0.3239,0.00415,0.00004,0.00093,0.00404,149.92
763,0,43.341,94.505,42.192,93.948,-1.149,-0.557,1.277,0.3039,0.00501,-0.00010,0.00103,0.00491,218.63
763,1,407.361,94.718,406.912,94.523,-0.449,-0.195,0.489,0.3039,0.00501,-0.00010,0.00103,0.00491,149.19
764,0,45.908,94.875,44.629,94.377,-1.279,-0.499,1.373,0.2238,0.00595,-0.00045,0.00114,0.00582,217.57
764,1,408.280,94.679,407.737,94.560,-0.544,-0.119,0.557,0.2238,0.00595,-0.00045,0.00114,0.00582,148.65
765,0,48.470,95.591,47.034,94.895,-1.436,-0.696,1.596,0.1897,0.00674,-0.00077,0.00133,0.00657,216.52
765,1,409.239,95.277,408.742,95.128,-0.497,-0.150,0.519,0.1897,0.00674,-0.00077,0.00133,0.00657,148.09
766,0,55.163,95.870,53.331,95.152,-1.832,-0.719,1.968,0.2017,0.00884,-0.00161,0.00186,0.00849,214.05
766,1,411.964,96.207,411.498,96.102,-0.466,-0.104,0.478,0.2017,0.00884,-0.00161,0.00186,0.00849,146.85
767,0,60.600,95.564,58.635,94.710,-1.964,-0.854,2.142,0.2961,0.01098,-0.00242,0.00227,0.01046,211.74
767,1,413.946,96.123,413.500,96.108,-0.446,-0.015,0.447,0.2961,0.01098,-0.00242,0.00227,0.01046,145.53
768,0,67.162,96.873,64.841,96.139,-2.321,-0.734,2.434,0.3917,0.01371,-0.00312,0.00277,0.01306,208.82
768,1,415.712,96.891,415.146,97.057,-0.566,0.166,0.590,0.3917,0.01371,-0.00312,0.00277,0.01306,143.86
769,0,71.938,99.710,69.547,98.770,-2.391,-0.940,2.569,0.4528,0.01604,-0.00356,0.00324,0.01530,206.37
769,1,416.507,98.648,415.861,98.820,-0.646,0.171,0.668,0.4528,0.01604,-0.00356,0.00324,0.01530,142.41
770,0,82.682,107.767,80.131,106.555,-2.551,-1.212,2.824,0.5828,0.02226,-0.00459,0.00528,0.02113,200.18
770,1,416.929,105.864,416.330,106.013,-0.599,0.149,0.617,0.5828,0.02226,-0.00459,0.00528,0.02113,138.34
771,0,88.973,112.222,86.344,110.864,-2.629,-1.358,2.959,0.6330,0.02620,-0.00523,0.00693,0.02472,196.61
771,1,417.230,110.734,416.584,110.856,-0.646,0.122,0.657,0.6330,0.02620,-0.00523,0.00693,0.02472,135.85
772,0,103.182,122.054,100.422,120.699,-2.760,-1.354,3.075,0.8504,0.03567,-0.00663,0.01116,0.03323,188.48
772,1,417.693,122.879,417.106,122.894,-0.587,0.014,0.587,0.8504,0.03567,-0.00663,0.01116,0.03323,130.23
773,0,109.528,127.540,106.670,126.362,-2.858,-1.178,3.091,0.9313,0.04109,-0.00728,0.01353,0.03811,184.31
773,1,417.014,129.423,416.181,129.396,-0.833,-0.027,0.833,0.9313,0.04109,-0.00728,0.01353,0.03811,127.04
774,0,122.774,140.243,120.124,139.011,-2.650,-1.233,2.922,1.0453,0.05296,-0.00874,0.01829,0.04892,175.47
774,1,415.610,141.623,414.765,141.681,-0.845,0.057,0.846,1.0453,0.05296,-0.00874,0.01829,0.04892,120.87
775,0,134.802,150.709,132.305,149.782,-2.497,-0.927,2.663,1.4128,0.06255,-0.00980,0.02243,0.05756,168.82
775,1,416.243,152.471,415.535,152.551,-0.708,0.080,0.712,1.4128,0.06255,-0.00980,0.02243,0.05756,116.42
776,0,142.129,156.829,139.641,156.029,-2.488,-0.799,2.613,1.6251,0.06928,-0.01041,0.02525,0.06367,164.46
776,1,416.343,159.138,415.481,159.186,-0.862,0.048,0.863,1.6251,0.06928,-0.01041,0.02525,0.06367,113.49
777,0,153.750,165.685,151.334,165.335,-2.416,-0.350,2.441,1.6665,0.08360,-0.01161,0.03129,0.07665,156.28
777,1,414.365,168.575,413.264,168.985,-1.101,0.410,1.175,1.6665,0.08360,-0.01161,0.03129,0.07665,107.52
778,0,161.492,172.297,159.163,172.099,-2.329,-0.197,2.337,1.6921,0.09508,-0.01290,0.03619,0.08697,150.31
778,1,411.755,176.192,411.114,176.633,-0.641,0.441,0.778,1.6921,0.09508,-0.01290,0.03619,0.08697,103.25
779,0,171.169,179.247,168.887,179.193,-2.282,-0.054,2.282,1.9775,0.10690,-0.01429,0.04140,0.09752,144.39
779,1,411.727,184.381,411.088,184.949,-0.639,0.569,0.855,1.9775,0.10690,-0.01429,0.04140,0.09752,99.21
780,0,181.640,185.670,179.455,185.909,-2.185,0.239,2.198,2.2628,0.11888,-0.01550,0.04647,0.10832,138.83
780,1,413.265,191.325,412.344,192.005,-0.921,0.680,1.145,2.2628,0.11888,-0.01550,0.04647,0.10832,95.47
781,0,191.414,188.596,189.040,189.005,-2.373,0.409,2.408,2.4600,0.13099,-0.01648,0.05137,0.11937,133.56
781,1,414.447,194.690,413.293,195.608,-1.154,0.919,1.475,2.4600,0.13099,-0.01648,0.05137,0.11937,92.16
782,0,202.436,192.484,200.241,192.941,-2.194,0.457,2.242,2.5654,0.14782,-0.01817,0.05716,0.13510,126.81
782,1,414.576,198.456,413.519,199.330,-1.057,0.874,1.372,2.5654,0.14782,-0.01817,0.05716,0.13510,87.57
783,0,207.333,192.845,205.058,193.593,-2.276,0.748,2.396,2.5645,0.15686,-0.01926,0.06001,0.14365,123.61
783,1,413.993,198.994,412.943,200.066,-1.051,1.072,1.501,2.5645,0.15686,-0.01926,0.06001,0.14365,85.31
784,0,215.553,191.391,213.527,192.088,-2.026,0.697,2.143,2.7073,0.17624,-0.02168,0.06596,0.16199,117.03
784,1,411.756,198.498,410.807,199.593,-0.949,1.095,1.449,2.7073,0.17624,-0.02168,0.06596,0.16199,80.48
785,0,221.958,191.529,220.024,192.461,-1.934,0.933,2.147,2.8410,0.19158,-0.02338,0.07044,0.17662,112.50
785,1,410.689,198.790,409.534,200.150,-1.155,1.360,1.784,2.8410,0.19158,-0.02338,0.07044,0.17662,77.34
786,0,228.305,193.670,226.441,194.803,-1.864,1.133,2.182,2.8869,0.20744,-0.02510,0.07489,0.19181,108.11
786,1,409.479,200.926,408.461,202.281,-1.018,1.356,1.695,2.8869,0.20744,-0.02510,0.07489,0.19181,74.05
787,0,235.621,190.800,233.876,191.803,-1.746,1.002,2.013,3.3538,0.22380,-0.02643,0.07932,0.20759,103.47
787,1,409.687,198.385,408.794,199.509,-0.892,1.124,1.435,3.3538,0.22380,-0.02643,0.07932,0.20759,71.01
788,0,241.980,190.598,240.277,191.579,-1.703,0.981,1.965,3.5763,0.24097,-0.02744,0.08353,0.22436,99.59
788,1,409.504,197.554,408.231,198.894,-1.273,1.340,1.849,3.5763,0.24097,-0.02744,0.08353,0.22436,68.20
789,0,246.744,189.101,245.086,189.953,-1.658,0.852,1.864,3.9155,0.25900,-0.02831,0.08825,0.24185,95.30
789,1,407.539,196.365,406.348,197.434,-1.191,1.070,1.601,3.9155,0.25900,-0.02831,0.08825,0.24185,65.19
790,0,251.736,184.632,250.104,185.645,-1.632,1.013,1.921,4.4420,0.27780,-0.02899,0.09296,0.26018,91.61
790,1,406.207,191.545,405.014,192.863,-1.193,1.318,1.778,4.4420,0.27780,-0.02899,0.09296,0.26018,62.69
791,0,253.669,184.210,252.044,185.196,-1.624,0.986,1.900,4.4968,0.29095,-0.02925,0.09625,0.27300,89.20
791,1,403.851,190.549,402.769,191.708,-1.082,1.159,1.586,4.4968,0.29095,-0.02925,0.09625,0.27300,60.88
792,0,256.184,179.514,254.610,180.383,-1.574,0.869,1.798,5.1217,0.31853,-0.02986,0.10382,0.29965,84.31
792,1,398.553,185.542,397.366,186.635,-1.187,1.092,1.613,5.1217,0.31853,-0.02986,0.10382,0.29965,57.31
793,0,257.011,177.109,255.446,178.085,-1.565,0.976,1.844,5.5223,0.33998,-0.03032,0.10998,0.32026,81.07
793,1,393.759,183.133,392.548,184.301,-1.211,1.168,1.683,5.5223,0.33998,-0.03032,0.10998,0.32026,54.97
794,0,256.338,174.841,254.624,175.775,-1.714,0.934,1.952,5.9858,0.36182,-0.03074,0.11654,0.34115,77.91
794,1,387.741,181.407,386.420,182.464,-1.321,1.057,1.692,5.9858,0.36182,-0.03074,0.11654,0.34115,52.48
795,0,254.954,171.577,253.345,172.419,-1.609,0.842,1.816,6.6506,0.38341,-0.03122,0.12338,0.36167,75.20
795,1,381.761,178.593,380.339,179.809,-1.422,1.216,1.871,6.6506,0.38341,-0.03122,0.12338,0.36167,50.50
796,0,253.005,171.806,251.148,172.914,-1.857,1.109,2.163,6.9216,0.40475,-0.03166,0.13035,0.38188,72.73
796,1,375.425,179.463,373.662,180.656,-1.764,1.193,2.129,6.9216,0.40475,-0.03166,0.13035,0.38188,48.63
797,0,252.359,171.896,250.377,173.087,-1.982,1.191,2.312,7.1833,0.41859,-0.03183,0.13504,0.39493,71.14
797,1,371.686,180.113,370.128,181.299,-1.559,1.186,1.958,7.1833,0.41859,-0.03183,0.13504,0.39493,47.46
798,0,250.828,173.237,249.256,174.229,-1.572,0.993,1.859,7.3525,0.43908,-0.03193,0.14152,0.41442,68.83
798,1,366.646,181.314,365.145,182.418,-1.500,1.103,1.862,7.3525,0.43908,-0.03193,0.14152,0.41442,45.69
799,0,250.488,173.643,248.649,174.829,-1.839,1.186,2.188,7.3503,0.45277,-0.03170,0.14522,0.42768,67.38
799,1,363.607,181.366,362.118,182.442,-1.488,1.076,1.837,7.3503,0.45277,-0.03170,0.14522,0.42768,44.75
800,0,249.654,174.263,248.010,175.295,-1.644,1.031,1.940,7.3233,0.47341,-0.03075,0.15018,0.44790,65.27
800,1,359.503,180.525,358.014,181.825,-1.490,1.300,1.977,7.3233,0.47341,-0.03075,0.15018,0.44790,43.32
801,0,249.231,174.582,247.420,175.798,-1.812,1.217,2.182,7.2481,0.49402,-0.02888,0.15450,0.46835,63.34
801,1,355.679,179.724,354.140,181.162,-1.539,1.438,2.106,7.2481,0.49402,-0.02888,0.15450,0.46835,41.95
802,0,246.687,174.884,245.105,176.226,-1.581,1.341,2.074,7.2504,0.51480,-0.02681,0.15885,0.48895,61.49
802,1,350.244,179.383,348.758,180.586,-1.486,1.203,1.912,7.2504,0.51480,-0.02681,0.15885,0.48895,40.56
803,0,244.057,175.855,242.508,177.204,-1.549,1.348,2.054,7.2446,0.53570,-0.02457,0.16321,0.50965,59.83
803,1,344.617,179.555,343.236,180.967,-1.380,1.412,1.975,7.2446,0.53570,-0.02457,0.16321,0.50965,39.49
804,0,242.597,176.965,240.896,178.290,-1.701,1.326,2.157,7.2247,0.55693,-0.02212,0.16770,0.53062,58.19
804,1,340.415,180.293,338.791,181.544,-1.624,1.251,2.050,7.2247,0.55693,-0.02212,0.16770,0.53062,38.24
805,0,237.484,173.625,235.546,175.052,-1.937,1.427,2.406,7.9711,0.58525,-0.02008,0.17495,0.55813,56.06
805,1,331.800,177.713,330.147,179.175,-1.653,1.462,2.207,7.9711,0.58525,-0.02008,0.17495,0.55813,36.75
806,0,233.760,176.589,232.340,177.761,-1.420,1.171,1.841,7.9917,0.61171,-0.01876,0.18144,0.58388,54.31
806,1,325.388,180.498,323.918,181.928,-1.469,1.429,2.050,7.9917,0.61171,-0.01876,0.18144,0.58388,35.58
807,0,234.414,175.577,232.875,176.813,-1.540,1.237,1.975,8.1090,0.62407,-0.01825,0.18401,0.59605,53.48
807,1,324.468,179.449,323.087,180.732,-1.380,1.283,1.885,8.1090,0.62407,-0.01825,0.18401,0.59605,34.89
808,0,234.632,174.628,233.293,175.859,-1.339,1.231,1.819,8.2110,0.63014,-0.01809,0.18522,0.60203,53.11
808,1,324.005,178.419,322.857,179.645,-1.148,1.226,1.680,8.2110,0.63014,-0.01809,0.18522,0.60203,34.76
809,0,235.682,170.432,234.430,171.509,-1.253,1.077,1.652,8.7129,0.65335,-0.01714,0.19012,0.62484,51.79
809,1,322.736,173.347,321.644,174.628,-1.092,1.281,1.683,8.7129,0.65335,-0.01714,0.19012,0.62484,33.79
810,0,236.350,170.930,234.941,172.415,-1.409,1.485,2.047,8.7126,0.66996,-0.01663,0.19435,0.64093,50.80
810,1,321.635,173.458,320.474,174.895,-1.160,1.437,1.847,8.7126,0.66996,-0.01663,0.19435,0.64093,33.10
811,0,237.538,173.951,236.197,175.346,-1.341,1.395,1.935,8.4714,0.68640,-0.01584,0.19889,0.65676,49.70
811,1,321.139,175.798,320.038,177.430,-1.101,1.632,1.969,8.4714,0.68640,-0.01584,0.19889,0.65676,32.45
812,0,239.488,176.432,238.037,177.756,-1.452,1.324,1.965,8.2280,0.69733,-0.01535,0.20220,0.66720,48.92
812,1,321.735,178.321,320.738,179.698,-0.997,1.377,1.700,8.2280,0.69733,-0.01535,0.20220,0.66720,31.96
813,0,244.179,184.322,242.842,185.603,-1.338,1.281,1.852,7.3613,0.71861,-0.01481,0.20886,0.68743,47.69
813,1,324.535,185.836,323.312,187.317,-1.223,1.481,1.921,7.3613,0.71861,-0.01481,0.20886,0.68743,30.98
814,0,246.473,189.885,245.007,191.335,-1.466,1.450,2.062,6.7660,0.73422,-0.01460,0.21354,0.70233,46.79
814,1,324.955,191.564,323.969,192.886,-0.986,1.322,1.649,6.7660,0.73422,-0.01460,0.21354,0.70233,30.56
815,0,246.705,190.635,245.479,192.034,-1.226,1.400,1.861,6.7865,0.74947,-0.01447,0.21770,0.71701,46.05
815,1,324.396,191.780,323.159,193.304,-1.237,1.524,1.963,6.7865,0.74947,-0.01447,0.21770,0.71701,29.98
816,0,247.271,191.469,245.940,192.743,-1.332,1.274,1.843,6.8247,0.76387,-0.01453,0.22175,0.73083,45.21
816,1,323.543,192.205,322.448,193.614,-1.095,1.410,1.785,6.8247,0.76387,-0.01453,0.22175,0.73083,29.43
817,0,247.532,194.402,246.296,195.642,-1.236,1.240,1.751,6.5883,0.77305,-0.01462,0.22464,0.73955,44.81
817,1,323.054,194.770,322.036,196.311,-1.019,1.541,1.847,6.5883,0.77305,-0.01462,0.22464,0.73955,29.07
818,0,249.285,200.214,247.944,201.414,-1.341,1.199,1.799,6.0693,0.79097,-0.01497,0.23073,0.75643,43.91
818,1,323.343,200.564,322.205,201.934,-1.138,1.370,1.781,6.0693,0.79097,-0.01497,0.23073,0.75643,28.51
819,0,250.729,202.407,249.593,203.651,-1.136,1.244,1.685,5.8254,0.79980,-0.01526,0.23376,0.76473,43.55
819,1,324.222,202.715,323.132,204.223,-1.090,1.508,1.861,5.8254,0.79980,-0.01526,0.23376,0.76473,28.03
820,0,252.792,205.059,251.700,206.353,-1.092,1.294,1.693,5.4966,0.80831,-0.01550,0.23677,0.77270,43.19
820,1,325.533,205.641,324.536,207.051,-0.997,1.410,1.727,5.4966,0.80831,-0.01550,0.23677,0.77270,27.89
821,0,255.504,208.457,254.221,209.668,-1.282,1.212,1.764,5.1622,0.82440,-0.01574,0.24289,0.78765,42.35
821,1,326.747,209.507,325.826,210.659,-0.921,1.153,1.475,5.1622,0.82440,-0.01574,0.24289,0.78765,27.54
822,0,255.533,207.813,254.295,209.219,-1.238,1.407,1.874,5.3298,0.83534,-0.01595,0.24696,0.79785,41.95
822,1,325.999,208.804,325.156,210.199,-0.843,1.395,1.629,5.3298,0.83534,-0.01595,0.24696,0.79785,27.09
823,0,256.244,207.305,255.112,208.496,-1.132,1.192,1.644,5.4851,0.84579,-0.01595,0.25083,0.80758,41.46
823,1,326.169,207.964,325.260,209.424,-0.909,1.460,1.719,5.4851,0.84579,-0.01595,0.25083,0.80758,26.72
824,0,257.609,208.667,256.545,210.088,-1.064,1.420,1.775,5.3464,0.85609,-0.01589,0.25475,0.81715,41.11
824,1,326.781,209.678,325.966,211.016,-0.815,1.338,1.567,5.3464,0.85609,-0.01589,0.25475,0.81715,26.47
825,0,260.659,211.391,259.638,212.638,-1.022,1.247,1.612,5.0149,0.86605,-0.01569,0.25853,0.82641,40.56
825,1,329.334,212.436,328.321,213.677,-1.013,1.241,1.602,5.0149,0.86605,-0.01569,0.25853,0.82641,26.19
826,0,265.453,213.560,264.311,214.884,-1.142,1.324,1.748,4.6823,0.88239,-0.01470,0.26376,0.84191,39.92
826,1,332.649,214.742,331.839,216.159,-0.810,1.417,1.632,4.6823,0.88239,-0.01470,0.26376,0.84191,25.88
827,0,266.601,214.586,265.437,215.815,-1.164,1.228,1.693,4.5686,0.89227,-0.01390,0.26639,0.85147,39.63
827,1,333.288,215.642,332.319,217.124,-0.969,1.483,1.771,4.5686,0.89227,-0.01390,0.26639,0.85147,25.67
828,0,267.229,213.829,266.067,215.266,-1.162,1.437,1.848,4.6270,0.90178,-0.01289,0.26859,0.86075,39.14
828,1,333.306,215.325,332.355,216.600,-0.951,1.276,1.591,4.6270,0.90178,-0.01289,0.26859,0.86075,25.34
829,0,267.534,212.880,266.348,214.226,-1.186,1.346,1.794,4.7407,0.90795,-0.01213,0.26983,0.86684,38.94
829,1,333.212,214.343,332.262,215.563,-0.949,1.220,1.546,4.7407,0.90795,-0.01213,0.26983,0.86684,25.20
830,0,268.214,211.529,267.072,212.900,-1.142,1.371,1.784,4.8777,0.91693,-0.01096,0.27160,0.87572,38.68
830,1,333.510,212.656,332.444,214.164,-1.066,1.509,1.847,4.8777,0.91693,-0.01096,0.27160,0.87572,24.97
831,0,268.652,211.726,267.678,213.207,-0.973,1.481,1.772,4.8234,0.92567,-0.00945,0.27340,0.88432,38.51
831,1,333.571,212.898,332.520,214.390,-1.051,1.492,1.825,4.8234,0.92567,-0.00945,0.27340,0.88432,24.74
832,0,269.137,212.208,267.945,213.466,-1.192,1.258,1.732,4.7816,0.93128,-0.00842,0.27453,0.88986,38.11
832,1,333.500,213.259,332.450,214.613,-1.050,1.354,1.713,4.7816,0.93128,-0.00842,0.27453,0.88986,24.54
833,0,269.952,212.417,268.846,213.656,-1.106,1.239,1.661,4.7240,0.94197,-0.00603,0.27649,0.90046,37.78
833,1,333.653,213.532,332.712,214.809,-0.941,1.277,1.586,4.7240,0.94197,-0.00603,0.27649,0.90046,24.32
834,0,270.619,210.899,269.464,212.280,-1.155,1.381,1.800,4.8626,0.94978,-0.00450,0.27771,0.90826,37.49
834,1,333.855,212.115,332.884,213.439,-0.971,1.323,1.641,4.8626,0.94978,-0.00450,0.27771,0.90826,24.19
835,0,271.599,210.474,270.319,211.599,-1.280,1.126,1.704,4.9168,0.95728,-0.00314,0.27880,0.91578,37.13
835,1,334.495,211.481,333.309,212.710,-1.185,1.229,1.708,4.9168,0.95728,-0.00314,0.27880,0.91578,23.96
836,0,272.528,210.576,271.093,211.680,-1.435,1.104,1.811,4.8952,0.96460,-0.00199,0.28013,0.92302,36.84
836,1,334.679,211.559,333.667,212.726,-1.012,1.166,1.544,4.8952,0.96460,-0.00199,0.28013,0.92302,23.87
837,0,271.629,208.299,270.439,209.423,-1.190,1.124,1.637,5.1766,0.97386,-0.00043,0.28200,0.93214,36.63
837,1,333.580,209.062,332.538,210.340,-1.042,1.278,1.649,5.1766,0.97386,-0.00043,0.28200,0.93214,23.71
838,0,270.755,207.381,269.746,208.558,-1.009,1.177,1.550,5.3035,0.97820,0.00036,0.28324,0.93630,36.40
838,1,332.607,208.102,331.630,209.430,-0.977,1.328,1.649,5.3035,0.97820,0.00036,0.28324,0.93630,23.62
839,0,270.361,207.626,269.030,208.919,-1.331,1.293,1.855,5.3159,0.98645,0.00189,0.28617,0.94403,36.21
839,1,331.570,208.492,330.486,209.811,-1.084,1.318,1.707,5.3159,0.98645,0.00189,0.28617,0.94403,23.39
840,0,270.637,209.327,269.570,210.500,-1.067,1.173,1.586,5.1531,0.99225,0.00315,0.28836,0.94942,36.15
840,1,331.656,210.339,330.698,211.552,-0.958,1.214,1.546,5.1531,0.99225,0.00315,0.28836,0.94942,23.27
841,0,271.518,209.630,270.154,210.951,-1.364,1.320,1.898,5.1275,0.99799,0.00427,0.29032,0.95482,35.88
841,1,331.937,210.637,330.971,212.087,-0.966,1.450,1.743,5.1275,0.99799,0.00427,0.29032,0.95482,23.29
842,0,271.881,210.600,270.600,211.701,-1.281,1.100,1.688,5.0497,1.00329,0.00560,0.29179,0.95990,35.67
842,1,332.383,211.592,331.128,212.892,-1.255,1.300,1.807,5.0497,1.00329,0.00560,0.29179,0.95990,23.09
843,0,272.013,211.413,270.649,212.470,-1.364,1.057,1.725,4.9736,1.00836,0.00690,0.29328,0.96474,35.47
843,1,331.999,212.494,330.909,213.668,-1.090,1.174,1.602,4.9736,1.00836,0.00690,0.29328,0.96474,22.96
844,0,270.730,211.708,269.488,213.031,-1.242,1.323,1.814,4.9247,1.01318,0.00829,0.29476,0.96932,35.50
844,1,330.616,212.754,329.516,214.144,-1.100,1.390,1.773,4.9247,1.01318,0.00829,0.29476,0.96932,22.96
845,0,270.499,212.116,269.168,213.266,-1.330,1.149,1.758,4.9035,1.01468,0.00873,0.29524,0.97074,35.36
845,1,330.335,213.120,329.124,214.352,-1.211,1.232,1.728,4.9035,1.01468,0.00873,0.29524,0.97074,22.73
846,0,270.507,212.710,268.978,213.907,-1.528,1.197,1.941,4.8527,1.01896,0.00990,0.29673,0.97474,35.22
846,1,329.744,213.658,328.718,214.924,-1.026,1.266,1.630,4.8527,1.01896,0.00990,0.29673,0.97474,22.82
847,0,269.988,213.573,268.696,214.545,-1.292,0.973,1.617,4.8055,1.02282,0.01097,0.29821,0.97832,35.03
847,1,329.559,214.469,328.244,215.514,-1.315,1.045,1.679,4.8055,1.02282,0.01097,0.29821,0.97832,22.58
848,0,269.382,215.605,267.889,216.533,-1.494,0.928,1.759,4.5951,1.02674,0.01204,0.29986,0.98190,34.90
848,1,328.413,216.511,327.242,217.543,-1.171,1.032,1.561,4.5951,1.02674,0.01204,0.29986,0.98190,22.54
849,0,269.440,216.693,267.968,217.852,-1.472,1.160,1.874,4.4411,1.02900,0.01253,0.30059,0.98404,34.93
849,1,328.367,217.636,327.200,218.892,-1.167,1.256,1.714,4.4411,1.02900,0.01253,0.30059,0.98404,22.52
850,0,269.624,217.329,268.275,218.291,-1.350,0.962,1.657,4.3818,1.03084,0.01292,0.30092,0.98585,34.88
850,1,328.610,218.291,327.407,219.360,-1.202,1.069,1.609,4.3818,1.03084,0.01292,0.30092,0.98585,22.46
851,0,269.659,217.659,268.123,218.587,-1.536,0.928,1.795,4.3457,1.03209,0.01327,0.30121,0.98707,34.75
851,1,328.445,218.574,327.194,219.663,-1.251,1.088,1.658,4.3457,1.03209,0.01327,0.30121,0.98707,22.41
852,0,269.396,217.835,267.904,219.051,-1.492,1.215,1.924,4.3099,1.03270,0.01343,0.30180,0.98752,34.79
852,1,327.977,218.880,326.948,220.108,-1.029,1.228,1.602,4.3099,1.03270,0.01343,0.30180,0.98752,22.53
853,0,268.854,218.445,267.640,219.482,-1.214,1.037,1.596,4.2725,1.03313,0.01358,0.30222,0.98785,34.76
853,1,327.659,219.445,326.666,220.522,-0.994,1.076,1.465,4.2725,1.03313,0.01358,0.30222,0.98785,22.46
854,0,268.650,219.469,267.327,220.555,-1.323,1.085,1.712,4.1581,1.03365,0.01367,0.30270,0.98823,34.77
854,1,327.480,220.377,326.328,221.569,-1.152,1.191,1.657,4.1581,1.03365,0.01367,0.30270,0.98823,22.40
855,0,268.571,220.650,267.107,221.714,-1.464,1.064,1.810,4.0439,1.03423,0.01380,0.30346,0.98861,34.72
855,1,327.334,221.555,326.079,222.756,-1.256,1.200,1.737,4.0439,1.03423,0.01380,0.30346,0.98861,22.42
856,0,268.505,221.033,267.105,222.216,-1.400,1.183,1.833,3.9923,1.03470,0.01390,0.30380,0.98900,34.76
856,1,327.293,222.059,326.052,223.282,-1.241,1.223,1.742,3.9923,1.03470,0.01390,0.30380,0.98900,22.43
857,0,268.665,221.763,267.239,222.930,-1.425,1.167,1.842,3.9057,1.03514,0.01400,0.30396,0.98941,34.75
857,1,327.526,222.682,326.159,224.038,-1.367,1.356,1.926,3.9057,1.03514,0.01400,0.30396,0.98941,22.36
858,0,268.720,221.864,267.378,223.153,-1.342,1.289,1.861,3.8764,1.03562,0.01400,0.30403,0.98989,34.73
858,1,327.543,223.123,326.271,224.276,-1.272,1.153,1.717,3.8764,1.03562,0.01400,0.30403,0.98989,22.31
859,0,268.626,221.079,267.153,222.246,-1.473,1.167,1.879,3.9868,1.03603,0.01418,0.30407,0.99030,34.67
859,1,327.395,222.159,326.034,223.352,-1.361,1.193,1.810,3.9868,1.03603,0.01418,0.30407,0.99030,22.35
860,0,268.445,220.392,266.954,221.415,-1.491,1.023,1.808,4.0809,1.03648,0.01431,0.30396,0.99081,34.71
860,1,326.894,221.467,325.819,222.524,-1.074,1.057,1.507,4.0809,1.03648,0.01431,0.30396,0.99081,22.38
861,0,268.514,220.918,266.989,222.166,-1.525,1.248,1.970,3.9880,1.03682,0.01463,0.30404,0.99113,34.70
861,1,326.930,222.194,325.831,223.339,-1.099,1.145,1.587,3.9880,1.03682,0.01463,0.30404,0.99113,22.37
862,0,268.487,219.561,266.865,220.683,-1.622,1.122,1.972,4.1628,1.03784,0.01514,0.30409,0.99218,34.66
862,1,326.897,220.602,325.663,221.854,-1.234,1.252,1.757,4.1628,1.03784,0.01514,0.30409,0.99218,22.37
863,0,267.862,219.404,266.545,220.414,-1.317,1.011,1.660,4.1974,1.03840,0.01528,0.30421,0.99272,34.63
863,1,326.603,220.344,325.325,221.507,-1.278,1.163,1.728,4.1974,1.03840,0.01528,0.30421,0.99272,22.32
864,0,267.987,219.650,266.643,220.931,-1.344,1.281,1.856,4.1389,1.03878,0.01548,0.30442,0.99305,34.65
864,1,326.645,220.663,325.400,221.991,-1.245,1.329,1.821,4.1389,1.03878,0.01548,0.30442,0.99305,22.32
865,0,268.179,219.691,266.690,220.941,-1.489,1.250,1.944,4.1411,1.03949,0.01560,0.30463,0.99373,34.61
865,1,326.643,220.649,325.413,221.948,-1.230,1.299,1.789,4.1411,1.03949,0.01560,0.30463,0.99373,22.32
866,0,268.316,219.544,268.316,219.463,0.000,-0.082,0.082,0.0396,0.00049,0.00003,0.00001,0.00049,34.60
866,1,326.654,220.482,326.941,220.349,0.287,-0.133,0.317,0.0396,0.00049,0.00003,0.00001,0.00049,22.36
867,0,268.474,221.481,268.436,221.266,-0.038,-0.215,0.218,0.1897,0.00170,0.00037,0.00057,0.00156,34.56
867,1,326.687,222.423,326.997,222.204,0.310,-0.219,0.380,0.1897,0.00170,0.00037,0.00057,0.00156,22.33
868,0,268.663,221.569,268.746,221.368,0.083,-0.202,0.218,0.2307,0.00253,0.00042,0.00070,0.00240,34.60
868,1,326.963,222.510,327.262,222.347,0.299,-0.163,0.341,0.2307,0.00253,0.00042,0.00070,0.00240,22.33
869,0,268.810,222.688,268.982,222.600,0.172,-0.088,0.193,0.3795,0.00349,0.00039,0.00095,0.00334,34.60
869,1,327.386,223.678,327.444,223.594,0.058,-0.084,0.102,0.3795,0.00349,0.00039,0.00095,0.00334,22.21
870,0,269.007,223.547,269.157,223.287,0.149,-0.260,0.300,0.4665,0.00436,0.00044,0.00130,0.00414,34.43
870,1,327.517,224.510,327.574,224.306,0.057,-0.204,0.212,0.4665,0.00436,0.00044,0.00130,0.00414,22.24
871,0,269.356,223.582,269.360,223.382,0.004,-0.200,0.200,0.4813,0.00532,0.00041,0.00167,0.00503,34.40
871,1,327.582,224.591,327.730,224.423,0.148,-0.168,0.224,0.4813,0.00532,0.00041,0.00167,0.00503,22.26
872,0,270.204,224.705,270.153,224.660,-0.052,-0.045,0.069,0.6632,0.00704,0.00032,0.00234,0.00663,34.40
872,1,328.222,225.945,328.427,225.764,0.205,-0.181,0.274,0.6632,0.00704,0.00032,0.00234,0.00663,22.04
873,0,270.653,225.693,270.465,225.380,-0.188,-0.312,0.365,0.7370,0.00857,0.00033,0.00296,0.00804,34.26
873,1,328.586,226.640,328.665,226.474,0.078,-0.166,0.184,0.7370,0.00857,0.00033,0.00296,0.00804,22.23
874,0,270.518,226.684,270.465,226.463,-0.054,-0.222,0.228,0.8384,0.01050,0.00026,0.00365,0.00985,34.23
874,1,328.372,227.642,328.576,227.543,0.204,-0.099,0.227,0.8384,0.01050,0.00026,0.00365,0.00985,22.05
875,0,270.356,227.579,270.338,227.326,-0.018,-0.253,0.254,0.9479,0.01174,0.00037,0.00389,0.01107,34.22
875,1,328.049,228.652,328.391,228.445,0.342,-0.207,0.400,0.9479,0.01174,0.00037,0.00389,0.01107,22.22
876,0,270.312,227.605,270.302,227.326,-0.010,-0.280,0.280,0.9732,0.01257,0.00044,0.00385,0.01196,34.22
876,1,327.841,228.696,328.316,228.495,0.475,-0.201,0.516,0.9732,0.01257,0.00044,0.00385,0.01196,22.19
877,0,270.460,226.743,270.404,226.727,-0.056,-0.016,0.058,0.9429,0.01312,0.00049,0.00355,0.01263,34.18
877,1,328.057,228.246,328.390,227.944,0.333,-0.302,0.450,0.9429,0.01312,0.00049,0.00355,0.01263,21.95
878,0,270.286,226.493,270.294,226.225,0.009,-0.268,0.268,0.8961,0.01317,0.00056,0.00330,0.01274,34.18
878,1,327.842,227.586,328.281,227.447,0.439,-0.140,0.460,0.8961,0.01317,0.00056,0.00330,0.01274,22.16
879,0,270.283,225.833,270.308,225.862,0.026,0.030,0.039,0.8632,0.01309,0.00048,0.00315,0.01270,34.20
879,1,327.780,227.260,328.298,227.092,0.518,-0.168,0.544,0.8632,0.01309,0.00048,0.00315,0.01270,22.08
880,0,270.209,224.697,270.206,224.735,-0.003,0.038,0.038,0.7600,0.01221,0.00070,0.00267,0.01190,34.21
880,1,327.727,226.136,328.241,225.979,0.514,-0.157,0.538,0.7600,0.01221,0.00070,0.00267,0.01190,22.00
881,0,269.900,224.489,270.108,224.307,0.208,-0.182,0.276,0.7242,0.01147,0.00079,0.00242,0.01118,34.28
881,1,327.699,225.611,328.180,225.560,0.481,-0.051,0.484,0.7242,0.01147,0.00079,0.00242,0.01118,22.21
882,0,269.665,224.290,269.915,224.211,0.250,-0.079,0.262,0.6864,0.00938,0.00071,0.00215,0.00910,34.35
882,1,327.667,225.531,328.085,225.429,0.418,-0.101,0.430,0.6864,0.00938,0.00071,0.00215,0.00910,22.21
883,0,269.846,224.004,270.103,224.095,0.257,0.092,0.273,0.6714,0.00366,0.00034,0.00137,0.00338,34.55
883,1,328.227,225.349,328.531,225.299,0.305,-0.050,0.309,0.6714,0.00366,0.00034,0.00137,0.00338,22.26
884,0,270.830,223.913,271.065,224.002,0.235,0.088,0.251,0.7455,0.00131,0.00003,0.00042,-0.00124,34.63
884,1,329.585,225.336,329.693,225.252,0.108,-0.084,0.137,0.7455,0.00131,0.00003,0.00042,-0.00124,22.26
885,0,272.904,227.913,273.044,227.808,0.141,-0.105,0.176,1.3164,0.01940,-0.00055,-0.00293,-0.01917,35.09
885,1,332.358,229.365,332.474,229.127,0.116,-0.239,0.265,1.3164,0.01940,-0.00055,-0.00293,-0.01917,22.62
886,0,273.163,230.596,273.319,230.466,0.156,-0.130,0.203,1.6352,0.03486,-0.00104,-0.00565,-0.03439,35.55
886,1,333.342,231.662,333.475,231.742,0.133,0.080,0.155,1.6352,0.03486,-0.00104,-0.00565,-0.03439,22.99
887,0,273.379,230.973,273.486,231.051,0.107,0.078,0.132,1.7503,0.04686,-0.00124,-0.00802,-0.04615,36.03
887,1,333.894,232.475,334.223,232.326,0.329,-0.149,0.361,1.7503,0.04686,-0.00124,-0.00802,-0.04615,23.39
888,0,272.919,233.686,273.184,233.610,0.265,-0.076,0.275,2.0997,0.06736,-0.00152,-0.01196,-0.06627,36.68
888,1,334.634,235.248,334.946,234.928,0.312,-0.320,0.446,2.0997,0.06736,-0.00152,-0.01196,-0.06627,23.64
889,0,273.528,238.448,273.695,238.212,0.168,-0.237,0.290,2.7983,0.09917,-0.00205,-0.01776,-0.09755,37.68
889,1,336.763,239.963,337.105,239.751,0.343,-0.212,0.403,2.7983,0.09917,-0.00205,-0.01776,-0.09755,24.41
890,0,275.896,241.499,276.359,241.357,0.464,-0.141,0.485,3.5506,0.14436,-0.00373,-0.02782,-0.14160,39.26
890,1,342.140,243.439,342.247,243.130,0.106,-0.309,0.327,3.5506,0.14436,-0.00373,-0.02782,-0.14160,25.48
891,0,278.747,246.531,279.215,246.363,0.469,-0.168,0.498,4.4153,0.17363,-0.00524,-0.03404,-0.17018,40.26
891,1,346.665,248.550,346.816,248.295,0.151,-0.255,0.296,4.4153,0.17363,-0.00524,-0.03404,-0.17018,26.17
892,0,284.704,253.523,285.269,253.414,0.565,-0.110,0.575,5.7734,0.21418,-0.00762,-0.04336,-0.20961,41.98
892,1,355.576,255.618,355.411,255.527,-0.165,-0.090,0.188,5.7734,0.21418,-0.00762,-0.04336,-0.20961,27.41
893,0,288.567,257.692,289.073,257.561,0.506,-0.130,0.522,6.6833,0.25582,-0.01020,-0.05380,-0.24989,43.90
893,1,362.336,259.633,362.073,259.479,-0.263,-0.154,0.305,6.6833,0.25582,-0.01020,-0.05380,-0.24989,28.90
894,0,289.362,263.572,289.865,263.408,0.502,-0.164,0.529,7.4667,0.28833,-0.01250,-0.06131,-0.28146,45.51
894,1,365.576,264.683,365.308,264.598,-0.267,-0.085,0.281,7.4667,0.28833,-0.01250,-0.06131,-0.28146,30.34
895,0,288.620,265.688,289.318,265.648,0.697,-0.039,0.698,7.8583,0.32118,-0.01454,-0.06888,-0.31337,47.41
895,1,367.606,266.275,367.363,266.129,-0.243,-0.146,0.283,7.8583,0.32118,-0.01454,-0.06888,-0.31337,31.52
896,0,288.439,265.599,289.031,265.619,0.592,0.020,0.592,8.1103,0.35415,-0.01558,-0.07662,-0.34541,49.07
896,1,370.414,266.219,369.852,266.225,-0.562,0.006,0.562,8.1103,0.35415,-0.01558,-0.07662,-0.34541,32.85
897,0,288.348,264.674,289.060,264.674,0.712,-0.000,0.712,8.3337,0.38748,-0.01634,-0.08439,-0.37782,51.02
897,1,373.535,265.659,372.886,265.876,-0.650,0.217,0.685,8.3337,0.38748,-0.01634,-0.08439,-0.37782,34.42
898,0,287.570,263.447,288.516,263.287,0.946,-0.160,0.959,8.5101,0.42171,-0.01728,-0.09256,-0.41106,53.13
898,1,376.399,264.587,375.659,264.879,-0.740,0.292,0.796,8.5101,0.42171,-0.01728,-0.09256,-0.41106,35.91
899,0,285.717,262.305,286.834,262.088,1.117,-0.217,1.137,8.5383,0.44449,-0.01796,-0.09839,-0.43309,54.66
899,1,377.183,263.517,376.327,263.735,-0.856,0.219,0.884,8.5383,0.44449,-0.01796,-0.09839,-0.43309,36.97
900,0,281.579,258.627,282.990,258.628,1.410,0.001,1.410,8.5372,0.49065,-0.01932,-0.11099,-0.47754,58.08
900,1,378.515,259.564,377.636,260.130,-0.879,0.566,1.045,8.5372,0.49065,-0.01932,-0.11099,-0.47754,39.34
901,0,279.373,254.781,280.933,254.743,1.560,-0.038,1.560,8.5537,0.52598,-0.02023,-0.12113,-0.51144,60.86
901,1,380.893,255.559,379.925,256.246,-0.969,0.687,1.188,8.5537,0.52598,-0.02023,-0.12113,-0.51144,41.23
902,0,278.611,247.455,280.586,247.354,1.975,-0.102,1.978,8.4441,0.56155,-0.02124,-0.13225,-0.54534,63.75
902,1,385.564,248.094,384.329,249.194,-1.234,1.099,1.653,8.4441,0.56155,-0.02124,-0.13225,-0.54534,43.40
903,0,277.635,237.386,279.958,237.407,2.323,0.021,2.323,8.2085,0.59625,-0.02189,-0.14382,-0.57823,66.90
903,1,390.195,238.313,388.791,239.886,-1.404,1.573,2.108,8.2085,0.59625,-0.02189,-0.14382,-0.57823,45.72
904,0,274.495,227.073,276.991,227.541,2.496,0.469,2.539,7.9419,0.63001,-0.02207,-0.15525,-0.61018,70.65
904,1,392.714,228.503,391.294,230.870,-1.420,2.368,2.761,7.9419,0.63001,-0.02207,-0.15525,-0.61018,48.55
905,0,267.667,219.144,270.515,219.915,2.848,0.770,2.950,7.6882,0.66278,-0.02199,-0.16613,-0.64125,74.47
905,1,392.561,220.642,390.706,223.938,-1.855,3.295,3.782,7.6882,0.66278,-0.02199,-0.16613,-0.64125,51.31
906,0,261.420,212.925,264.525,213.959,3.104,1.034,3.272,7.3445,0.68361,-0.02177,-0.17297,-0.66101,77.14
906,1,390.611,214.592,388.822,218.384,-1.789,3.792,4.193,7.3445,0.68361,-0.02177,-0.17297,-0.66101,53.05
907,0,251.562,202.525,255.269,203.876,3.707,1.351,3.946,6.7429,0.71278,-0.02107,-0.18262,-0.68867,81.34
907,1,387.766,204.194,385.896,208.788,-1.870,4.594,4.960,6.7429,0.71278,-0.02107,-0.18262,-0.68867,55.87
908,0,245.085,195.173,249.320,196.620,4.235,1.447,4.476,6.3338,0.73063,-0.02051,-0.18869,-0.70554,84.22
908,1,386.257,196.542,384.189,201.924,-2.068,5.382,5.765,6.3338,0.73063,-0.02051,-0.18869,-0.70554,57.83
909,0,233.864,181.746,238.969,183.980,5.105,2.234,5.572,5.8454,0.76307,-0.01875,-0.19966,-0.73625,90.03
909,1,384.481,183.374,382.299,190.193,-2.182,6.820,7.160,5.8454,0.76307,-0.01875,-0.19966,-0.73625,61.75
910,0,224.609,173.656,230.379,176.679,5.770,3.024,6.514,5.6223,0.78453,-0.01670,-0.20633,-0.75673,94.45
910,1,382.201,175.404,379.979,183.562,-2.222,8.158,8.456,5.6223,0.78453,-0.01670,-0.20633,-0.75673,64.73
911,0,218.794,172.206,225.190,175.395,6.395,3.189,7.146,5.8066,0.79733,-0.01532,-0.20998,-0.76904,97.23
911,1,380.687,173.597,378.697,182.637,-1.990,9.039,9.256,5.8066,0.79733,-0.01532,-0.20998,-0.76904,66.79
912,0,209.423,169.570,216.596,173.322,7.172,3.752,8.095,6.1776,0.81946,-0.01322,-0.21578,-0.79043,102.08
912,1,379.587,170.677,377.349,181.062,-2.238,10.386,10.624,6.1776,0.81946,-0.01322,-0.21578,-0.79043,70.20
913,0,207.607,168.421,215.210,172.152,7.603,3.731,8.469,6.2009,0.82445,-0.01299,-0.21709,-0.79525,103.34
913,1,379.807,169.429,377.698,179.793,-2.109,10.364,10.576,6.2009,0.82445,-0.01299,-0.21709,-0.79525,70.98
914,0,202.658,158.696,211.257,163.441,8.599,4.744,9.821,6.1806,0.84733,-0.01278,-0.22314,-0.81732,109.05
914,1,384.659,158.702,382.128,171.280,-2.531,12.578,12.830,6.1806,0.84733,-0.01278,-0.22314,-0.81732,75.33
915,0,200.704,154.970,209.644,160.265,8.939,5.295,10.390,6.1925,0.85567,-0.01271,-0.22494,-0.82548,111.49
915,1,386.547,155.439,383.800,168.670,-2.747,13.230,13.513,6.1925,0.85567,-0.01271,-0.22494,-0.82548,77.08
916,0,198.985,152.786,208.317,158.478,9.333,5.692,10.932,6.2807,0.86359,-0.01286,-0.22630,-0.83332,113.72
916,1,388.590,153.236,385.689,167.131,-2.902,13.895,14.195,6.2807,0.86359,-0.01286,-0.22630,-0.83332,78.82
917,0,193.442,151.408,203.165,157.415,9.723,6.007,11.429,6.4678,0.87761,-0.01273,-0.22776,-0.84744,118.12
917,1,390.267,151.731,386.672,166.817,-3.594,15.085,15.508,6.4678,0.87761,-0.01273,-0.22776,-0.84744,82.19
918,0,183.617,152.027,194.375,158.470,10.758,6.443,12.540,6.5923,0.88915,-0.01203,-0.22836,-0.85925,122.32
918,1,386.995,152.740,383.562,168.454,-3.433,15.714,16.085,6.5923,0.88915,-0.01203,-0.22836,-0.85925,84.81
919,0,179.485,153.441,190.708,159.807,11.223,6.366,12.903,6.7658,0.89414,-0.01173,-0.22892,-0.86425,124.14
919,1,385.771,153.738,382.374,169.726,-3.397,15.988,16.344,6.7658,0.89414,-0.01173,-0.22892,-0.86425,85.97
920,0,175.538,151.602,187.162,158.099,11.625,6.496,13.317,6.8506,0.90056,-0.01137,-0.23065,-0.87045,126.35
920,1,385.605,152.116,382.035,168.417,-3.571,16.301,16.688,6.8506,0.90056,-0.01137,-0.23065,-0.87045,87.39
921,0,173.634,147.674,185.655,154.556,12.021,6.881,13.851,6.7556,0.90422,-0.01123,-0.23214,-0.87384,127.71
921,1,386.267,148.601,382.399,165.542,-3.868,16.941,17.377,6.7556,0.90422,-0.01123,-0.23214,-0.87384,88.46
922,0,172.681,142.948,185.213,150.191,12.532,7.243,14.475,6.7163,0.90908,-0.01138,-0.23431,-0.87829,129.41
922,1,388.421,143.872,384.328,161.791,-4.093,17.918,18.380,6.7163,0.90908,-0.01138,-0.23431,-0.87829,89.75
923,0,172.420,139.716,184.825,147.367,12.405,7.651,14.575,6.6691,0.91279,-0.01175,-0.23593,-0.88169,130.81
923,1,390.198,140.246,385.829,158.759,-4.369,18.513,19.021,6.6691,0.91279,-0.01175,-0.23593,-0.88169,90.83
924,0,166.574,137.471,179.560,145.353,12.986,7.883,15.191,6.4682,0.91669,-0.01182,-0.23696,-0.88546,132.80
924,1,387.507,137.202,383.111,156.512,-4.396,19.310,19.804,6.4682,0.91669,-0.01182,-0.23696,-0.88546,92.04
925,0,165.570,137.709,178.679,145.702,13.109,7.994,15.354,6.4782,0.91767,-0.01188,-0.23696,-0.88647,133.16
925,1,386.977,137.316,382.831,156.606,-4.146,19.290,19.731,6.4782,0.91767,-0.01188,-0.23696,-0.88647,92.38
926,0,165.527,137.916,178.737,145.911,13.210,7.995,15.441,6.4938,0.91812,-0.01199,-0.23692,-0.88694,133.36
926,1,387.347,137.378,383.129,156.667,-4.218,19.289,19.745,6.4938,0.91812,-0.01199,-0.23692,-0.88694,92.43
927,0,166.166,138.631,179.560,146.490,13.394,7.858,15.529,6.5365,0.91900,-0.01238,-0.23664,-0.88792,133.69
927,1,388.568,137.667,384.377,156.911,-4.191,19.244,19.695,6.5365,0.91900,-0.01238,-0.23664,-0.88792,92.70
928,0,166.696,139.796,179.970,147.750,13.273,7.954,15.474,6.5543,0.91932,-0.01365,-0.23607,-0.88838,134.10
928,1,389.614,138.699,385.013,157.966,-4.601,19.268,19.810,6.5543,0.91932,-0.01365,-0.23607,-0.88838,92.85
929,0,165.730,140.598,178.804,148.382,13.074,7.783,15.216,6.4523,0.91894,-0.01545,-0.23579,-0.88805,134.16
929,1,388.618,139.449,383.895,158.398,-4.723,18.950,19.529,6.4523,0.91894,-0.01545,-0.23579,-0.88805,92.53
930,0,164.703,140.639,177.749,148.141,13.046,7.502,15.049,6.2171,0.91816,-0.01912,-0.23559,-0.88722,134.44
930,1,388.335,138.733,382.798,157.758,-5.537,19.025,19.815,6.2171,0.91816,-0.01912,-0.23559,-0.88722,92.16
931,0,167.612,138.707,180.027,146.390,12.415,7.683,14.600,5.8991,0.91739,-0.02482,-0.23565,-0.88626,134.61
931,1,391.468,136.001,384.796,155.101,-6.672,19.099,20.231,5.8991,0.91739,-0.02482,-0.23565,-0.88626,91.74
932,0,172.547,138.795,184.401,146.657,11.853,7.862,14.224,5.8684,0.91671,-0.03046,-0.23558,-0.88540,134.54
932,1,396.300,135.726,388.497,154.915,-7.802,19.189,20.715,5.8684,0.91671,-0.03046,-0.23558,-0.88540,91.39
933,0,176.317,139.912,187.804,147.736,11.487,7.823,13.898,5.9274,0.91628,-0.03483,-0.23530,-0.88487,134.47
933,1,399.705,136.670,391.354,155.792,-8.350,19.122,20.866,5.9274,0.91628,-0.03483,-0.23530,-0.88487,91.23
934,0,184.434,141.525,195.051,149.022,10.616,7.497,12.997,5.9909,0.91543,-0.04404,-0.23472,-0.88373,134.32
934,1,407.648,138.403,397.394,157.099,-10.255,18.696,21.324,5.9909,0.91543,-0.04404,-0.23472,-0.88373,90.57
935,0,191.294,141.155,201.049,148.757,9.755,7.602,12.367,5.9490,0.91508,-0.05134,-0.23433,-0.88307,134.33
935,1,414.408,138.568,402.529,157.201,-11.879,18.633,22.098,5.9490,0.91508,-0.05134,-0.23433,-0.88307,90.06
936,0,195.917,141.406,205.310,148.952,9.393,7.547,12.049,5.9584,0.91486,-0.05642,-0.23401,-0.88263,134.26
936,1,418.966,138.848,406.133,157.493,-12.832,18.645,22.634,5.9584,0.91486,-0.05642,-0.23401,-0.88263,89.90
937,0,207.097,141.511,215.291,149.038,8.194,7.527,11.127,5.9450,0.91464,-0.06735,-0.23326,-0.88183,134.05
937,1,429.567,139.194,414.669,157.620,-14.897,18.426,23.695,5.9450,0.91464,-0.06735,-0.23326,-0.88183,89.31
938,0,217.025,141.547,224.298,148.840,7.274,7.293,10.300,5.9014,0.91460,-0.07585,-0.23267,-0.88125,133.87
938,1,439.315,139.542,422.446,157.658,-16.869,18.115,24.753,5.9014,0.91460,-0.07585,-0.23267,-0.88125,88.86
939,0,227.455,140.729,233.750,148.236,6.295,7.506,9.797,5.8228,0.91469,-0.08462,-0.23209,-0.88070,133.62
939,1,449.339,139.548,430.610,157.555,-18.729,18.007,25.981,5.8228,0.91469,-0.08462,-0.23209,-0.88070,88.56
940,0,238.021,141.586,243.376,148.834,5.356,7.248,9.012,5.8826,0.91500,-0.09377,-0.23152,-0.88025,133.49
940,1,459.410,140.753,438.832,158.653,-20.578,17.899,27.273,5.8826,0.91500,-0.09377,-0.23152,-0.88025,88.30
941,0,249.763,141.510,253.931,148.743,4.168,7.233,8.347,5.9890,0.91598,-0.10631,-0.23096,-0.87998,133.43
941,1,470.612,141.356,447.629,158.903,-22.983,17.547,28.916,5.9890,0.91598,-0.10631,-0.23096,-0.87998,87.58
942,0,257.635,140.670,260.836,147.942,3.201,7.272,7.946,6.1102,0.91690,-0.11582,-0.23087,-0.87976,133.30
942,1,477.811,140.588,453.125,158.033,-24.686,17.445,30.228,6.1102,0.91690,-0.11582,-0.23087,-0.87976,87.02
943,0,265.484,140.898,267.537,148.230,2.054,7.332,7.614,6.3830,0.91782,-0.12539,-0.23070,-0.87946,132.94
943,1,484.601,140.868,458.158,158.316,-26.443,17.448,31.681,6.3830,0.91782,-0.12539,-0.23070,-0.87946,86.36
944,0,276.890,141.506,277.723,148.392,0.833,6.885,6.936,6.7508,0.91916,-0.13847,-0.23069,-0.87890,132.31
944,1,494.601,141.696,465.807,158.903,-28.793,17.206,33.543,6.7508,0.91916,-0.13847,-0.23069,-0.87890,85.30
945,0,284.488,140.730,284.092,147.830,-0.396,7.100,7.111,7.0786,0.92024,-0.14826,-0.23069,-0.87843,131.88
945,1,500.578,142.390,470.060,159.216,-30.518,16.827,34.849,7.0786,0.92024,-0.14826,-0.23069,-0.87843,84.32
946,0,289.579,138.403,288.251,145.533,-1.327,7.130,7.252,7.4996,0.92142,-0.15796,-0.23101,-0.87789,131.34
946,1,503.838,141.547,471.915,158.243,-31.923,16.696,36.026,7.4996,0.92142,-0.15796,-0.23101,-0.87789,83.04
947,0,290.882,137.360,289.248,144.457,-1.634,7.097,7.283,7.6750,0.92186,-0.16115,-0.23125,-0.87771,131.09
947,1,504.590,140.843,472.108,157.697,-32.481,16.854,36.594,7.6750,0.92186,-0.16115,-0.23125,-0.87771,82.64
948,0,293.528,133.536,290.865,140.926,-2.663,7.390,7.855,8.3441,0.92345,-0.17045,-0.23206,-0.87741,130.42
948,1,504.902,138.942,471.357,155.725,-33.545,16.783,37.509,8.3441,0.92345,-0.17045,-0.23206,-0.87741,81.29
949,0,293.349,129.724,289.893,137.441,-3.455,7.717,8.456,9.2749,0.92522,-0.17908,-0.23294,-0.87732,129.89
949,1,502.563,136.948,468.061,153.642,-34.503,16.695,38.329,9.2749,0.92522,-0.17908,-0.23294,-0.87732,79.78
950,0,292.549,126.778,288.427,134.704,-4.122,7.926,8.934,10.2594,0.92690,-0.18684,-0.23363,-0.87730,129.31
950,1,499.582,135.609,464.394,152.228,-35.188,16.619,38.915,10.2594,0.92690,-0.18684,-0.23363,-0.87730,78.34
951,0,291.959,124.321,287.059,132.085,-4.900,7.764,9.181,11.5046,0.92899,-0.19642,-0.23434,-0.87723,128.36
951,1,496.385,134.463,460.225,150.803,-36.159,16.340,39.680,11.5046,0.92899,-0.19642,-0.23434,-0.87723,76.54
952,0,290.574,121.451,285.042,129.500,-5.532,8.049,9.767,12.4002,0.93055,-0.20244,-0.23493,-0.87736,127.88
952,1,492.998,132.586,456.501,149.030,-36.496,16.444,40.030,12.4002,0.93055,-0.20244,-0.23493,-0.87736,75.54
953,0,288.548,119.577,282.552,127.779,-5.996,8.203,10.161,13.2799,0.93213,-0.20743,-0.23558,-0.87769,127.58
953,1,489.497,131.783,452.583,148.217,-36.915,16.434,40.408,13.2799,0.93213,-0.20743,-0.23558,-0.87769,74.55
954,0,286.406,116.945,280.082,125.137,-6.324,8.192,10.349,14.0397,0.93369,-0.21162,-0.23650,-0.87811,127.20
954,1,485.960,130.211,449.031,146.333,-36.929,16.122,40.295,14.0397,0.93369,-0.21162,-0.23650,-0.87811,73.77
955,0,285.687,112.536,279.494,120.734,-6.193,8.198,10.275,14.4620,0.93495,-0.21499,-0.23772,-0.87829,127.16
955,1,484.667,126.458,447.665,142.718,-37.002,16.260,40.417,14.4620,0.93495,-0.21499,-0.23772,-0.87829,73.38
956,0,287.432,110.067,280.805,118.516,-6.627,8.449,10.738,14.7710,0.93600,-0.21847,-0.23879,-0.87826,126.80
956,1,485.367,124.754,447.924,141.315,-37.443,16.561,40.942,14.7710,0.93600,-0.21847,-0.23879,-0.87826,72.97
957,0,287.744,110.780,281.270,119.304,-6.474,8.524,10.704,14.9212,0.93633,-0.21965,-0.23908,-0.87824,126.72
957,1,485.444,126.085,447.904,142.406,-37.541,16.321,40.935,14.9212,0.93633,-0.21965,-0.23908,-0.87824,72.68
958,0,288.683,110.606,282.020,118.906,-6.664,8.299,10.644,15.1369,0.93689,-0.22150,-0.23977,-0.87818,126.45
958,1,485.566,126.670,447.937,142.866,-37.629,16.196,40.967,15.1369,0.93689,-0.22150,-0.23977,-0.87818,72.36
959,0,289.617,109.615,282.761,117.996,-6.856,8.382,10.828,15.1827,0.93722,-0.22235,-0.24010,-0.87823,126.29
959,1,485.901,126.487,448.411,142.470,-37.490,15.983,40.755,15.1827,0.93722,-0.22235,-0.24010,-0.87823,72.33
960,0,290.353,108.907,283.374,117.380,-6.978,8.473,10.977,15.2215,0.93750,-0.22300,-0.24042,-0.87828,126.22
960,1,486.536,126.279,448.812,142.273,-37.724,15.994,40.974,15.2215,0.93750,-0.22300,-0.24042,-0.87828,72.27
961,0,291.759,108.635,284.812,117.171,-6.947,8.536,11.005,15.2485,0.93803,-0.22417,-0.24092,-0.87841,126.20
961,1,487.715,126.407,449.896,142.332,-37.819,15.925,41.035,15.2485,0.93803,-0.22417,-0.24092,-0.87841,72.22
962,0,292.941,108.568,285.838,117.013,-7.103,8.445,11.035,15.2182,0.93812,-0.22489,-0.24115,-0.87826,125.98
962,1,488.745,125.781,450.689,142.007,-38.056,16.226,41.371,15.2182,0.93812,-0.22489,-0.24115,-0.87826,72.12
963,0,295.543,107.282,288.226,115.806,-7.317,8.524,11.234,15.0902,0.93816,-0.22641,-0.24164,-0.87778,125.56
963,1,490.741,123.798,452.637,140.315,-38.104,16.517,41.530,15.0902,0.93816,-0.22641,-0.24164,-0.87778,72.02
964,0,297.426,107.340,290.060,115.940,-7.367,8.600,11.324,14.9936,0.93804,-0.22735,-0.24184,-0.87736,125.40
964,1,492.408,123.537,454.105,140.131,-38.303,16.593,41.743,14.9936,0.93804,-0.22735,-0.24184,-0.87736,72.05
965,0,299.424,107.557,291.797,116.085,-7.626,8.528,11.441,14.9029,0.93808,-0.22814,-0.24195,-0.87716,125.19
965,1,493.907,123.637,455.576,140.099,-38.331,16.462,41.717,14.9029,0.93808,-0.22814,-0.24195,-0.87716,72.01
966,0,301.561,106.795,293.869,115.494,-7.692,8.699,11.612,14.7661,0.93817,-0.22894,-0.24210,-0.87701,125.05
966,1,495.937,122.821,457.436,139.445,-38.501,16.624,41.937,14.7661,0.93817,-0.22894,-0.24210,-0.87701,72.02
967,0,304.270,106.312,296.662,114.785,-7.609,8.473,11.388,14.5627,0.93837,-0.22987,-0.24226,-0.87693,124.89
967,1,498.731,121.937,460.051,138.579,-38.679,16.642,42.107,14.5627,0.93837,-0.22987,-0.24226,-0.87693,72.09
968,0,306.902,106.405,299.357,114.857,-7.546,8.452,11.330,14.3626,0.93825,-0.23067,-0.24229,-0.87659,124.73
968,1,501.463,121.724,462.485,138.429,-38.978,16.706,42.407,14.3626,0.93825,-0.23067,-0.24229,-0.87659,72.19
969,0,308.922,106.808,301.085,115.377,-7.837,8.569,11.612,14.2545,0.93805,-0.23128,-0.24232,-0.87620,124.55
969,1,502.864,122.382,463.934,138.787,-38.930,16.405,42.245,14.2545,0.93805,-0.23128,-0.24232,-0.87620,72.15
970,0,310.882,107.579,303.069,116.026,-7.813,8.447,11.506,14.1477,0.93782,-0.23208,-0.24239,-0.87572,124.35
970,1,504.633,122.684,465.549,139.296,-39.083,16.612,42.467,14.1477,0.93782,-0.23208,-0.24239,-0.87572,72.08
971,0,311.904,106.747,304.068,115.273,-7.835,8.526,11.580,14.0850,0.93787,-0.23263,-0.24259,-0.87558,124.26
971,1,505.696,121.822,466.427,138.475,-39.268,16.653,42.653,14.0850,0.93787,-0.23263,-0.24259,-0.87558,72.01
972,0,312.644,105.611,304.538,114.249,-8.106,8.638,11.845,14.0538,0.93803,-0.23293,-0.24290,-0.87558,124.32
972,1,506.352,120.710,466.884,137.501,-39.469,16.791,42.892,14.0538,0.93803,-0.23293,-0.24290,-0.87558,72.08
973,0,312.547,105.350,304.292,113.821,-8.255,8.471,11.828,14.0811,0.93805,-0.23296,-0.24304,-0.87555,124.12
973,1,505.860,120.547,466.621,137.196,-39.240,16.649,42.626,14.0811,0.93805,-0.23296,-0.24304,-0.87555,72.12
974,0,312.243,104.663,304.139,113.335,-8.104,8.672,11.869,14.1104,0.93803,-0.23306,-0.24322,-0.87546,124.17
974,1,505.653,120.303,466.397,136.902,-39.255,16.599,42.620,14.1104,0.93803,-0.23306,-0.24322,-0.87546,71.99
975,0,311.800,104.568,303.961,113.105,-7.839,8.537,11.590,14.1345,0.93789,-0.23309,-0.24339,-0.87525,124.25
975,1,505.449,120.238,466.128,136.826,-39.321,16.588,42.677,14.1345,0.93789,-0.23309,-0.24339,-0.87525,71.96
976,0,311.801,104.611,303.820,113.328,-7.981,8.717,11.819,14.1414,0.93773,-0.23295,-0.24351,-0.87508,124.19
976,1,505.297,120.418,465.945,137.098,-39.352,16.680,42.741,14.1414,0.93773,-0.23295,-0.24351,-0.87508,71.96
977,0,311.743,104.517,303.734,113.056,-8.009,8.540,11.708,14.1644,0.93778,-0.23298,-0.24375,-0.87506,124.10
977,1,505.107,120.440,465.824,137.010,-39.283,16.570,42.634,14.1644,0.93778,-0.23298,-0.24375,-0.87506,71.95
978,0,311.426,102.533,303.327,111.239,-8.099,8.706,11.891,14.2174,0.93823,-0.23313,-0.24426,-0.87536,124.14
978,1,504.709,118.696,465.514,135.561,-39.195,16.865,42.670,14.2174,0.93823,-0.23313,-0.24426,-0.87536,71.98
979,0,311.666,101.495,303.483,110.286,-8.182,8.791,12.010,14.2006,0.93852,-0.23310,-0.24464,-0.87558,124.37
979,1,505.375,117.783,465.783,134.836,-39.591,17.053,43.108,14.2006,0.93852,-0.23310,-0.24464,-0.87558,72.07
980,0,311.650,101.209,303.393,110.047,-8.257,8.838,12.095,14.2294,0.93865,-0.23311,-0.24495,-0.87563,124.36
980,1,505.297,117.794,465.676,134.826,-39.621,17.032,43.127,14.2294,0.93865,-0.23311,-0.24495,-0.87563,72.07
981,0,311.798,100.591,312.025,100.775,0.228,0.184,0.293,0.0396,0.00029,-0.00013,-0.00025,0.00007,124.43
981,1,505.553,117.578,505.681,117.509,0.128,-0.069,0.145,0.0396,0.00029,-0.00013,-0.00025,0.00007,72.03
982,0,312.828,100.614,312.991,100.719,0.163,0.104,0.193,0.0885,0.00070,-0.00041,-0.00055,0.00014,124.39
982,1,506.481,117.568,506.625,117.502,0.145,-0.066,0.159,0.0885,0.00070,-0.00041,-0.00055,0.00014,72.06
983,0,312.882,100.408,313.000,100.418,0.118,0.011,0.119,0.1371,0.00083,-0.00045,-0.00070,0.00000,124.47
983,1,506.531,117.563,506.684,117.464,0.153,-0.100,0.183,0.1371,0.00083,-0.00045,-0.00070,0.00000,72.08
984,0,312.987,99.694,313.182,99.907,0.195,0.213,0.289,0.2094,0.00097,-0.00041,-0.00086,-0.00017,124.54
984,1,506.744,117.426,506.976,117.268,0.232,-0.158,0.281,0.2094,0.00097,-0.00041,-0.00086,-0.00017,72.14
985,0,312.628,100.225,312.801,100.272,0.173,0.047,0.179,0.1813,0.00098,-0.00022,-0.00093,-0.00021,124.58
985,1,506.492,117.530,506.613,117.511,0.120,-0.019,0.122,0.1813,0.00098,-0.00022,-0.00093,-0.00021,72.10
986,0,312.402,100.172,312.394,100.202,-0.008,0.030,0.031,0.1532,0.00104,-0.00007,-0.00098,-0.00034,124.48
986,1,505.925,117.496,506.286,117.376,0.361,-0.120,0.381,0.1532,0.00104,-0.00007,-0.00098,-0.00034,72.20
987,0,311.605,99.422,311.702,99.437,0.097,0.014,0.098,0.1119,0.00130,0.00025,-0.00126,-0.00022,124.54
987,1,505.410,116.569,505.627,116.594,0.216,0.024,0.218,0.1119,0.00130,0.00025,-0.00126,-0.00022,72.12
988,0,311.351,99.266,311.517,99.272,0.166,0.005,0.166,0.1251,0.00144,0.00030,-0.00138,-0.00024,124.54
988,1,505.082,116.553,505.455,116.481,0.373,-0.072,0.380,0.1251,0.00144,0.00030,-0.00138,-0.00024,72.07
989,0,310.843,99.282,311.269,99.300,0.426,0.018,0.426,0.1187,0.00161,0.00056,-0.00148,-0.00029,124.67
989,1,504.686,116.570,505.274,116.498,0.588,-0.073,0.592,0.1187,0.00161,0.00056,-0.00148,-0.00029,72.17
990,0,311.324,98.959,311.432,99.012,0.108,0.053,0.121,0.1631,0.00209,0.00128,-0.00161,-0.00035,124.69
990,1,505.500,116.320,505.711,116.067,0.211,-0.253,0.329,0.1631,0.00209,0.00128,-0.00161,-0.00035,72.20
991,0,311.417,99.413,311.512,99.331,0.095,-0.081,0.125,0.2741,0.00265,0.00210,-0.00158,-0.00034,124.70
991,1,505.713,116.411,506.004,116.122,0.291,-0.289,0.410,0.2741,0.00265,0.00210,-0.00158,-0.00034,72.42
992,0,311.241,99.606,311.415,99.748,0.174,0.142,0.225,0.4648,0.00378,0.00349,-0.00144,-0.00028,124.76
992,1,505.708,116.559,506.185,116.384,0.477,-0.175,0.508,0.4648,0.00378,0.00349,-0.00144,-0.00028,72.53
993,0,310.850,100.826,311.168,100.920,0.319,0.093,0.332,0.9014,0.00683,0.00675,-0.00104,-0.00011,124.82
993,1,506.211,117.443,506.529,117.257,0.318,-0.186,0.369,0.9014,0.00683,0.00675,-0.00104,-0.00011,72.89
994,0,310.477,102.329,310.410,102.267,-0.067,-0.062,0.091,1.3306,0.01033,0.01031,-0.00052,0.00028,124.70
994,1,505.811,118.320,506.277,118.025,0.466,-0.295,0.552,1.3306,0.01033,0.01031,-0.00052,0.00028,73.23
995,0,309.692,102.550,309.963,102.542,0.271,-0.008,0.271,1.9568,0.01509,0.01507,0.00020,0.00071,124.76
995,1,506.249,117.691,506.691,117.558,0.441,-0.133,0.461,1.9568,0.01509,0.01507,0.00020,0.00071,73.71
996,0,309.607,102.032,309.729,102.096,0.122,0.064,0.137,2.8492,0.02159,0.02152,0.00121,0.00118,124.82
996,1,507.063,116.545,507.681,116.352,0.618,-0.193,0.648,2.8492,0.02159,0.02152,0.00121,0.00118,74.52
997,0,307.648,103.576,307.882,103.643,0.234,0.067,0.244,4.1730,0.03248,0.03231,0.00307,0.00137,124.98
997,1,506.910,116.812,507.593,116.716,0.683,-0.096,0.690,4.1730,0.03248,0.03231,0.00307,0.00137,75.63
998,0,305.282,103.751,305.294,103.814,0.012,0.064,0.065,5.2459,0.04225,0.04199,0.00450,0.00127,124.97
998,1,505.768,116.624,506.436,116.416,0.668,-0.208,0.699,5.2459,0.04225,0.04199,0.00450,0.00127,76.54
999,0,301.814,105.556,302.042,105.473,0.228,-0.083,0.243,6.3834,0.05310,0.05275,0.00598,0.00093,125.01
999,1,503.855,117.573,504.475,117.327,0.620,-0.246,0.667,6.3834,0.05310,0.05275,0.00598,0.00093,77.47
1000,0,294.903,109.569,294.738,109.447,-0.166,-0.122,0.206,7.7982,0.06909,0.06862,0.00805,-0.00033,124.87
1000,1,498.467,119.968,498.696,119.651,0.229,-0.316,0.391,7.7982,0.06909,0.06862,0.00805,-0.00033,78.53
1001,0,289.780,111.175,289.551,110.963,-0.229,-0.212,0.312,8.4151,0.07751,0.07697,0.00900,-0.00134,124.86
1001,1,493.885,120.547,494.240,120.136,0.355,-0.412,0.543,8.4151,0.07751,0.07697,0.00900,-0.00134,79.10
1002,0,279.809,114.752,279.669,114.583,-0.141,-0.169,0.220,9.7454,0.09468,0.09399,0.01071,-0.00371,124.77
1002,1,485.306,121.929,485.562,121.480,0.256,-0.449,0.516,9.7454,0.09468,0.09399,0.01071,-0.00371,80.23
1003,0,270.438,120.392,270.064,120.000,-0.374,-0.392,0.542,11.0942,0.11230,0.11141,0.01233,-0.00691,124.41
1003,1,476.482,126.332,476.707,125.641,0.224,-0.691,0.726,11.0942,0.11230,0.11141,0.01233,-0.00691,81.21
1004,0,261.389,123.754,261.060,123.489,-0.328,-0.266,0.422,11.8563,0.12535,0.12428,0.01317,-0.00966,124.20
1004,1,467.573,129.717,467.939,129.133,0.366,-0.584,0.689,11.8563,0.12535,0.12428,0.01317,-0.00966,81.80
1005,0,252.695,127.715,252.559,127.269,-0.136,-0.447,0.467,12.5905,0.13772,0.13646,0.01355,-0.01269,124.15
1005,1,459.245,133.705,459.565,132.998,0.319,-0.708,0.776,12.5905,0.13772,0.13646,0.01355,-0.01269,82.31
1006,0,244.851,128.089,244.742,127.366,-0.110,-0.722,0.731,13.3054,0.14926,0.14783,0.01337,-0.01570,123.95
1006,1,451.692,134.192,452.040,133.203,0.348,-0.989,1.048,13.3054,0.14926,0.14783,0.01337,-0.01570,82.83
1007,0,239.790,126.491,239.705,125.625,-0.085,-0.866,0.870,13.7431,0.15646,0.15490,0.01304,-0.01772,123.97
1007,1,446.778,132.561,447.297,131.584,0.518,-0.977,1.106,13.7431,0.15646,0.15490,0.01304,-0.01772,83.35
1008,0,233.316,124.926,233.184,124.355,-0.133,-0.571,0.586,14.3871,0.16632,0.16456,0.01235,-0.02075,124.01
1008,1,440.518,131.451,441.070,130.412,0.551,-1.039,1.176,14.3871,0.16632,0.16456,0.01235,-0.02075,83.95
1009,0,223.128,124.818,222.993,124.251,-0.135,-0.567,0.583,15.2691,0.18086,0.17866,0.01088,-0.02597,124.11
1009,1,430.640,132.010,431.184,131.146,0.545,-0.864,1.021,15.2691,0.18086,0.17866,0.01088,-0.02597,84.92
1010,0,218.795,125.299,218.913,124.406,0.118,-0.893,0.901,15.8074,0.18792,0.18542,0.00966,-0.02900,124.20
1010,1,426.718,132.689,427.332,131.783,0.614,-0.906,1.094,15.8074,0.18792,0.18542,0.00966,-0.02900,85.56
1011,0,215.239,123.574,215.332,122.707,0.094,-0.867,0.872,16.2394,0.19366,0.19089,0.00815,-0.03164,124.35
1011,1,423.510,131.262,424.147,130.222,0.637,-1.040,1.220,16.2394,0.19366,0.19089,0.00815,-0.03164,85.86
1012,0,211.314,120.779,211.309,120.073,-0.005,-0.706,0.706,16.5113,0.19840,0.19535,0.00653,-0.03403,124.65
1012,1,419.841,128.470,420.712,127.229,0.871,-1.241,1.516,16.5113,0.19840,0.19535,0.00653,-0.03403,86.39
1013,0,205.670,118.415,205.773,117.544,0.103,-0.871,0.877,16.7142,0.20354,0.20015,0.00442,-0.03672,125.10
1013,1,415.381,124.540,415.910,123.482,0.529,-1.058,1.183,16.7142,0.20354,0.20015,0.00442,-0.03672,86.95
1014,0,202.754,117.027,202.902,116.238,0.148,-0.790,0.803,16.7770,0.20590,0.20234,0.00347,-0.03797,125.26
1014,1,412.714,122.713,413.403,121.647,0.688,-1.066,1.269,16.7770,0.20590,0.20234,0.00347,-0.03797,87.24
1015,0,198.776,115.819,199.016,115.162,0.241,-0.657,0.700,17.0342,0.21036,0.20653,0.00199,-0.03991,125.44
1015,1,408.824,120.415,409.753,119.283,0.928,-1.132,1.464,17.0342,0.21036,0.20653,0.00199,-0.03991,87.65
1016,0,196.549,117.254,196.584,116.438,0.036,-0.817,0.817,17.3701,0.21454,0.21049,0.00118,-0.04144,125.15
1016,1,406.471,120.444,407.052,119.318,0.581,-1.126,1.267,17.3701,0.21454,0.21049,0.00118,-0.04144,87.82
1017,0,195.294,117.359,195.382,116.472,0.088,-0.887,0.891,17.4997,0.21648,0.21237,0.00094,-0.04195,125.04
1017,1,404.798,120.242,405.640,119.089,0.841,-1.153,1.428,17.4997,0.21648,0.21237,0.00094,-0.04195,87.87
1018,0,192.480,117.522,192.650,116.682,0.170,-0.841,0.858,17.6478,0.21996,0.21580,0.00066,-0.04260,124.82
1018,1,401.693,120.131,402.376,119.178,0.682,-0.953,1.172,17.6478,0.21996,0.21580,0.00066,-0.04260,87.90
1019,0,190.147,117.579,190.378,116.900,0.231,-0.679,0.717,17.6981,0.22228,0.21809,0.00048,-0.04293,124.60
1019,1,398.835,120.414,399.711,119.237,0.876,-1.178,1.468,17.6981,0.22228,0.21809,0.00048,-0.04293,87.71
1020,0,187.891,117.586,188.325,116.961,0.435,-0.625,0.762,17.7481,0.22438,0.22019,0.00038,-0.04316,124.48
1020,1,396.575,119.806,397.289,118.987,0.714,-0.819,1.086,17.7481,0.22438,0.22019,0.00038,-0.04316,87.77
1021,0,185.486,116.711,185.904,116.112,0.418,-0.599,0.730,17.9408,0.22782,0.22360,0.00017,-0.04365,124.04
1021,1,393.541,118.340,394.346,117.421,0.805,-0.919,1.222,17.9408,0.22782,0.22360,0.00017,-0.04365,87.63
1022,0,182.759,117.198,183.298,116.555,0.539,-0.642,0.838,17.9973,0.23055,0.22634,0.00003,-0.04383,123.84
1022,1,390.313,118.485,391.141,117.577,0.827,-0.908,1.228,17.9973,0.23055,0.22634,0.00003,-0.04383,87.48
1023,0,181.631,117.555,182.117,116.769,0.486,-0.786,0.924,18.0435,0.23194,0.22774,-0.00001,-0.04397,123.69
1023,1,388.715,118.550,389.664,117.611,0.948,-0.939,1.335,18.0435,0.23194,0.22774,-0.00001,-0.04397,87.47
1024,0,180.531,117.536,180.973,116.863,0.443,-0.673,0.805,18.1705,0.23411,0.23001,-0.00017,-0.04364,123.13
1024,1,386.792,117.750,387.749,117.122,0.956,-0.628,1.144,18.1705,0.23411,0.23001,-0.00017,-0.04364,87.32
1025,0,179.515,117.407,179.838,116.665,0.324,-0.742,0.810,18.2038,0.23531,0.23127,-0.00044,-0.04343,122.95
1025,1,385.498,117.267,386.247,116.382,0.750,-0.885,1.160,18.2038,0.23531,0.23127,-0.00044,-0.04343,87.05
1026,0,178.524,116.877,178.888,116.288,0.363,-0.589,0.692,18.2207,0.23619,0.23221,-0.00080,-0.04316,122.74
1026,1,384.064,116.420,385.000,115.469,0.936,-0.951,1.334,18.2207,0.23619,0.23221,-0.00080,-0.04316,87.07
1027,0,178.711,116.416,179.285,115.683,0.575,-0.733,0.932,18.3035,0.23665,0.23272,-0.00102,-0.04294,122.66
1027,1,384.310,115.580,385.154,114.804,0.844,-0.776,1.146,18.3035,0.23665,0.23272,-0.00102,-0.04294,87.04
1028,0,180.392,116.510,180.748,115.776,0.356,-0.735,0.817,18.4736,0.23703,0.23314,-0.00122,-0.04279,122.37
1028,1,385.352,115.675,386.272,114.906,0.920,-0.769,1.199,18.4736,0.23703,0.23314,-0.00122,-0.04279,87.04
1029,0,182.683,116.553,183.314,115.759,0.632,-0.794,1.014,18.7383,0.23721,0.23337,-0.00151,-0.04250,122.05
1029,1,387.530,115.517,388.424,114.615,0.894,-0.902,1.270,18.7383,0.23721,0.23337,-0.00151,-0.04250,87.03
1030,0,184.629,115.522,185.047,114.719,0.418,-0.802,0.905,18.9635,0.23747,0.23362,-0.00192,-0.04254,121.98
1030,1,389.140,114.220,390.066,113.178,0.926,-1.042,1.394,18.9635,0.23747,0.23362,-0.00192,-0.04254,87.12
1031,0,186.599,114.562,187.077,113.633,0.478,-0.929,1.045,19.2317,0.23788,0.23405,-0.00227,-0.04242,121.83
1031,1,390.850,112.610,391.865,111.586,1.015,-1.025,1.442,19.2317,0.23788,0.23405,-0.00227,-0.04242,87.32
1032,0,187.858,113.352,188.310,112.514,0.452,-0.838,0.952,19.4882,0.23875,0.23491,-0.00255,-0.04254,121.59
1032,1,392.162,110.704,392.910,109.898,0.748,-0.806,1.100,19.4882,0.23875,0.23491,-0.00255,-0.04254,87.40
1033,0,187.738,113.354,187.973,112.519,0.236,-0.835,0.868,19.6706,0.24021,0.23631,-0.00259,-0.04306,121.48
1033,1,391.572,110.264,392.398,109.242,0.827,-1.021,1.314,19.6706,0.24021,0.23631,-0.00259,-0.04306,87.48
1034,0,184.807,115.432,185.120,114.571,0.313,-0.861,0.916,19.5390,0.24161,0.23769,-0.00224,-0.04328,121.36
1034,1,388.529,112.053,389.214,111.172,0.684,-0.881,1.116,19.5390,0.24161,0.23769,-0.00224,-0.04328,87.23
1035,0,182.808,117.079,183.302,116.287,0.494,-0.792,0.933,19.4660,0.24291,0.23903,-0.00174,-0.04320,121.20
1035,1,385.817,113.996,386.902,113.079,1.086,-0.918,1.422,19.4660,0.24291,0.23903,-0.00174,-0.04320,87.18
1036,0,182.537,117.686,182.956,116.855,0.420,-0.831,0.931,19.4848,0.24351,0.23965,-0.00151,-0.04318,120.93
1036,1,385.410,114.668,386.320,113.701,0.910,-0.966,1.327,19.4848,0.24351,0.23965,-0.00151,-0.04318,86.83
1037,0,182.120,118.523,182.499,117.663,0.378,-0.861,0.940,19.5223,0.24442,0.24054,-0.00120,-0.04336,120.77
1037,1,384.606,115.677,385.607,114.731,1.001,-0.946,1.377,19.5223,0.24442,0.24054,-0.00120,-0.04336,86.79
1038,0,181.142,119.552,181.499,118.916,0.356,-0.636,0.729,19.5132,0.24553,0.24167,-0.00094,-0.04334,120.67
1038,1,383.340,116.938,384.193,116.219,0.853,-0.719,1.116,19.5132,0.24553,0.24167,-0.00094,-0.04334,86.77
1039,0,180.772,119.670,181.316,119.073,0.545,-0.598,0.809,19.5324,0.24602,0.24218,-0.00088,-0.04326,120.55
1039,1,382.743,117.438,383.806,116.495,1.063,-0.943,1.421,19.5324,0.24602,0.24218,-0.00088,-0.04326,86.60
1040,0,179.997,118.694,180.418,118.151,0.421,-0.543,0.688,19.5185,0.24680,0.24302,-0.00100,-0.04301,120.41
1040,1,381.665,116.467,382.681,115.576,1.017,-0.891,1.352,19.5185,0.24680,0.24302,-0.00100,-0.04301,86.53
1041,0,179.819,118.783,180.281,118.253,0.462,-0.529,0.703,19.5068,0.24686,0.24311,-0.00099,-0.04289,120.35
1041,1,381.579,116.509,382.465,115.643,0.887,-0.866,1.239,19.5068,0.24686,0.24311,-0.00099,-0.04289,86.51
1042,0,180.216,118.687,180.565,118.288,0.349,-0.399,0.530,19.5322,0.24711,0.24345,-0.00097,-0.04236,120.18
1042,1,381.541,116.388,382.378,115.637,0.837,-0.751,1.125,19.5322,0.24711,0.24345,-0.00097,-0.04236,86.27
1043,0,181.183,119.132,181.529,118.757,0.346,-0.375,0.511,19.6141,0.24727,0.24366,-0.00082,-0.04207,119.94
1043,1,382.315,116.753,383.022,116.241,0.707,-0.512,0.873,19.6141,0.24727,0.24366,-0.00082,-0.04207,86.25
1044,0,181.557,119.493,181.760,118.904,0.203,-0.589,0.623,19.6340,0.24733,0.24374,-0.00071,-0.04198,119.83
1044,1,382.538,116.932,383.159,116.420,0.621,-0.512,0.804,19.6340,0.24733,0.24374,-0.00071,-0.04198,86.13
1045,0,181.631,120.497,181.954,119.885,0.323,-0.612,0.692,19.6082,0.24709,0.24356,-0.00040,-0.04160,119.72
1045,1,382.513,117.838,383.150,117.268,0.637,-0.570,0.855,19.6082,0.24709,0.24356,-0.00040,-0.04160,86.06
1046,0,181.684,120.513,182.105,119.904,0.421,-0.609,0.740,19.6122,0.24699,0.24348,-0.00037,-0.04149,119.76
1046,1,382.598,117.789,383.270,117.192,0.672,-0.596,0.898,19.6122,0.24699,0.24348,-0.00037,-0.04149,86.05
1047,0,182.546,119.579,182.649,119.074,0.103,-0.505,0.515,19.6196,0.24647,0.24302,-0.00025,-0.04108,119.67
1047,1,382.926,116.637,383.833,115.989,0.907,-0.648,1.115,19.6196,0.24647,0.24302,-0.00025,-0.04108,86.10
1048,0,183.511,119.910,183.615,119.562,0.104,-0.348,0.364,19.6470,0.24594,0.24252,-0.00002,-0.04086,119.67
1048,1,383.816,116.998,384.750,116.420,0.933,-0.578,1.098,19.6470,0.24594,0.24252,-0.00002,-0.04086,86.20
1049,0,183.614,120.463,184.095,119.788,0.481,-0.674,0.828,19.6192,0.24543,0.24204,0.00010,-0.04066,119.64
1049,1,384.358,117.574,385.242,116.833,0.884,-0.741,1.154,19.6192,0.24543,0.24204,0.00010,-0.04066,85.88
1050,0,184.098,120.588,184.475,120.020,0.377,-0.567,0.681,19.6190,0.24513,0.24175,0.00013,-0.04059,119.62
1050,1,384.615,117.726,385.632,117.089,1.017,-0.638,1.200,19.6190,0.24513,0.24175,0.00013,-0.04059,86.09
1051,0,184.619,120.612,184.865,120.024,0.246,-0.588,0.637,19.6094,0.24468,0.24129,0.00005,-0.04055,119.64
1051,1,385.298,117.754,386.119,117.077,0.822,-0.678,1.065,19.6094,0.24468,0.24129,0.00005,-0.04055,86.00
1052,0,184.678,120.656,185.219,119.913,0.541,-0.743,0.919,19.6084,0.24439,0.24101,-0.00003,-0.04045,119.70
1052,1,385.593,117.701,386.501,116.999,0.908,-0.703,1.148,19.6084,0.24439,0.24101,-0.00003,-0.04045,86.01
1053,0,185.531,119.666,185.744,119.069,0.213,-0.597,0.634,19.6099,0.24389,0.24053,-0.00024,-0.04032,119.71
1053,1,386.221,116.889,387.159,116.146,0.938,-0.743,1.197,19.6099,0.24389,0.24053,-0.00024,-0.04032,86.09
1054,0,185.520,119.252,186.011,118.510,0.491,-0.742,0.890,19.5991,0.24344,0.24009,-0.00047,-0.04029,119.79
1054,1,386.575,116.396,387.585,115.492,1.010,-0.904,1.355,19.5991,0.24344,0.24009,-0.00047,-0.04029,85.98
1055,0,186.519,118.804,186.702,118.364,0.183,-0.440,0.477,19.6104,0.24295,0.23960,-0.00058,-0.04017,119.87
1055,1,387.348,116.291,388.336,115.349,0.988,-0.942,1.366,19.6104,0.24295,0.23960,-0.00058,-0.04017,86.05
1056,0,186.791,119.529,187.228,118.777,0.436,-0.753,0.870,19.6075,0.24267,0.23936,-0.00048,-0.03992,119.75
1056,1,387.656,116.739,388.752,115.922,1.096,-0.818,1.368,19.6075,0.24267,0.23936,-0.00048,-0.03992,86.17
1057,0,187.120,119.878,187.533,119.342,0.413,-0.535,0.676,19.5748,0.24226,0.23898,-0.00029,-0.03974,119.75
1057,1,387.762,117.626,389.027,116.618,1.265,-1.008,1.618,19.5748,0.24226,0.23898,-0.00029,-0.03974,86.03
1058,0,186.997,120.119,187.411,119.367,0.414,-0.752,0.858,19.5417,0.24210,0.23883,-0.00024,-0.03967,119.74
1058,1,387.747,117.675,388.928,116.659,1.181,-1.016,1.558,19.5417,0.24210,0.23883,-0.00024,-0.03967,86.05
1059,0,187.549,119.757,187.763,119.064,0.214,-0.692,0.725,19.5301,0.24170,0.23844,-0.00023,-0.03954,119.83
1059,1,388.307,117.409,389.349,116.367,1.041,-1.042,1.473,19.5301,0.24170,0.23844,-0.00023,-0.03954,85.86
1060,0,188.539,119.935,188.876,119.374,0.336,-0.561,0.654,19.5308,0.24092,0.23774,-0.00001,-0.03901,119.78
1060,1,389.482,117.611,390.343,116.644,0.861,-0.967,1.295,19.5308,0.24092,0.23774,-0.00001,-0.03901,85.81
1061,0,189.090,120.076,189.363,119.470,0.274,-0.606,0.665,19.5382,0.24066,0.23751,0.00007,-0.03882,119.69
1061,1,389.763,117.677,390.777,116.797,1.014,-0.881,1.343,19.5382,0.24066,0.23751,0.00007,-0.03882,86.00
1062,0,189.581,119.849,189.658,119.246,0.076,-0.603,0.608,19.5402,0.24045,0.23731,0.00003,-0.03869,119.64
1062,1,390.250,117.583,391.079,116.574,0.828,-1.009,1.305,19.5402,0.24045,0.23731,0.00003,-0.03869,85.88
1063,0,189.423,119.565,189.552,118.808,0.129,-0.757,0.768,19.5235,0.24038,0.23725,-0.00011,-0.03865,119.65
1063,1,390.195,117.001,391.016,116.151,0.820,-0.850,1.181,19.5235,0.24038,0.23725,-0.00011,-0.03865,86.09
1064,0,189.436,118.579,189.596,118.008,0.160,-0.571,0.593,19.5056,0.24020,0.23708,-0.00061,-0.03857,119.77
1064,1,390.343,116.456,391.137,115.469,0.795,-0.987,1.267,19.5056,0.24020,0.23708,-0.00061,-0.03857,85.89
1065,0,189.425,117.974,189.599,117.354,0.174,-0.619,0.643,19.5071,0.24017,0.23705,-0.00085,-0.03859,119.72
1065,1,390.471,115.648,391.215,114.855,0.743,-0.793,1.087,19.5071,0.24017,0.23705,-0.00085,-0.03859,86.04
1066,0,189.260,117.121,189.386,116.512,0.126,-0.610,0.623,19.4850,0.24006,0.23694,-0.00117,-0.03859,119.76
1066,1,390.410,114.682,391.125,113.959,0.715,-0.724,1.017,19.4850,0.24006,0.23694,-0.00117,-0.03859,86.12
1067,0,188.657,116.591,189.095,115.913,0.438,-0.678,0.808,19.4467,0.23986,0.23673,-0.00152,-0.03860,120.00
1067,1,389.995,114.010,390.979,113.277,0.984,-0.733,1.227,19.4467,0.23986,0.23673,-0.00152,-0.03860,86.23
1068,0,188.348,116.237,188.657,115.633,0.308,-0.604,0.678,19.4017,0.23977,0.23662,-0.00162,-0.03872,120.12
1068,1,389.695,113.778,390.682,113.030,0.988,-0.748,1.239,19.4017,0.23977,0.23662,-0.00162,-0.03872,86.25
1069,0,188.087,115.498,188.437,114.817,0.350,-0.681,0.766,19.3772,0.23960,0.23641,-0.00180,-0.03893,120.23
1069,1,389.669,113.176,390.711,112.269,1.043,-0.907,1.382,19.3772,0.23960,0.23641,-0.00180,-0.03893,86.21
1070,0,188.577,114.627,188.746,114.225,0.169,-0.402,0.436,19.3945,0.23941,0.23620,-0.00194,-0.03902,120.33
1070,1,390.308,112.570,391.158,111.743,0.850,-0.827,1.186,19.3945,0.23941,0.23620,-0.00194,-0.03902,86.29
1071,0,188.594,114.679,188.825,114.177,0.231,-0.502,0.553,19.3965,0.23938,0.23616,-0.00194,-0.03904,120.34
1071,1,390.444,112.529,391.255,111.756,0.811,-0.772,1.120,19.3965,0.23938,0.23616,-0.00194,-0.03904,86.30
1072,0,188.599,115.562,188.811,114.955,0.212,-0.607,0.643,19.3708,0.23928,0.23602,-0.00172,-0.03930,120.33
1072,1,390.555,113.639,391.320,112.900,0.765,-0.739,1.063,19.3708,0.23928,0.23602,-0.00172,-0.03930,86.33
1073,0,188.545,115.660,188.699,115.250,0.153,-0.410,0.438,19.3519,0.23914,0.23585,-0.00155,-0.03949,120.49
1073,1,390.551,113.963,391.329,113.233,0.778,-0.730,1.066,19.3519,0.23914,0.23585,-0.00155,-0.03949,86.32
1074,0,188.650,115.746,188.862,115.324,0.212,-0.422,0.472,19.3620,0.23893,0.23562,-0.00148,-0.03960,120.50
1074,1,390.656,113.821,391.603,113.118,0.947,-0.703,1.179,19.3620,0.23893,0.23562,-0.00148,-0.03960,86.42
1075,0,188.685,115.642,188.981,115.238,0.296,-0.404,0.501,19.3584,0.23875,0.23544,-0.00148,-0.03959,120.56
1075,1,390.899,113.676,391.774,112.981,0.875,-0.696,1.118,19.3584,0.23875,0.23544,-0.00148,-0.03959,86.49
1076,0,188.632,115.787,188.978,115.329,0.346,-0.459,0.574,19.3387,0.23857,0.23526,-0.00151,-0.03956,120.53
1076,1,390.886,113.715,391.810,113.043,0.924,-0.672,1.143,19.3387,0.23857,0.23526,-0.00151,-0.03956,86.47
1077,0,188.629,116.192,188.931,115.523,0.302,-0.669,0.735,19.3261,0.23851,0.23520,-0.00155,-0.03956,120.52
1077,1,390.767,113.966,391.764,113.238,0.997,-0.728,1.235,19.3261,0.23851,0.23520,-0.00155,-0.03956,86.42
1078,0,188.625,115.644,188.962,115.095,0.336,-0.549,0.644,19.3196,0.23841,0.23510,-0.00182,-0.03956,120.61
1078,1,390.794,113.654,391.857,112.870,1.062,-0.784,1.320,19.3196,0.23841,0.23510,-0.00182,-0.03956,86.49
1079,0,188.609,115.522,189.086,114.793,0.478,-0.729,0.872,19.3247,0.23832,0.23501,-0.00199,-0.03954,120.60
1079,1,390.922,113.428,392.015,112.545,1.094,-0.883,1.406,19.3247,0.23832,0.23501,-0.00199,-0.03954,86.48
1080,0,188.734,114.578,189.129,113.826,0.394,-0.752,0.849,19.3183,0.23808,0.23476,-0.00241,-0.03956,120.70
1080,1,391.348,112.407,392.230,111.481,0.881,-0.926,1.278,19.3183,0.23808,0.23476,-0.00241,-0.03956,86.48
1081,0,188.839,113.679,189.252,113.251,0.413,-0.428,0.594,19.3133,0.23789,0.23458,-0.00261,-0.03943,120.78
1081,1,391.535,111.606,392.397,110.825,0.863,-0.781,1.164,19.3133,0.23789,0.23458,-0.00261,-0.03943,86.46
1082,0,188.904,113.666,189.388,113.188,0.485,-0.479,0.681,19.3079,0.23774,0.23446,-0.00269,-0.03929,120.79
1082,1,391.565,111.528,392.509,110.714,0.944,-0.814,1.246,19.3079,0.23774,0.23446,-0.00269,-0.03929,86.51
1083,0,188.797,113.579,189.388,112.932,0.591,-0.647,0.876,19.2832,0.23762,0.23435,-0.00278,-0.03917,120.78
1083,1,391.500,111.509,392.507,110.596,1.006,-0.913,1.359,19.2832,0.23762,0.23435,-0.00278,-0.03917,86.46
1084,0,188.872,113.662,189.434,112.952,0.562,-0.710,0.905,19.2859,0.23771,0.23442,-0.00286,-0.03928,120.76
1084,1,391.644,111.739,392.559,110.884,0.915,-0.855,1.252,19.2859,0.23771,0.23442,-0.00286,-0.03928,86.50
1085,0,188.915,113.373,189.487,112.608,0.573,-0.766,0.956,19.2795,0.23769,0.23442,-0.00292,-0.03923,120.78
1085,1,391.654,111.611,392.615,110.732,0.960,-0.879,1.302,19.2795,0.23769,0.23442,-0.00292,-0.03923,86.52
1086,0,188.721,112.737,189.153,112.304,0.432,-0.433,0.611,19.2298,0.23767,0.23441,-0.00296,-0.03911,120.78
1086,1,391.306,111.501,392.277,110.625,0.972,-0.876,1.308,19.2298,0.23767,0.23441,-0.00296,-0.03911,86.43
1087,0,188.534,112.732,189.011,112.309,0.477,-0.423,0.637,19.2084,0.23764,0.23439,-0.00298,-0.03908,120.72
1087,1,390.912,111.578,392.133,110.693,1.221,-0.885,1.508,19.2084,0.23764,0.23439,-0.00298,-0.03908,86.48
1088,0,188.534,112.611,188.948,111.896,0.414,-0.715,0.826,19.2047,0.23758,0.23432,-0.00311,-0.03909,120.73
1088,1,391.208,110.979,392.141,110.197,0.932,-0.782,1.217,19.2047,0.23758,0.23432,-0.00311,-0.03909,86.44
1089,0,188.574,111.733,188.984,111.308,0.410,-0.425,0.591,19.2032,0.23747,0.23421,-0.00327,-0.03906,120.83
1089,1,391.260,110.505,392.250,109.554,0.991,-0.951,1.373,19.2032,0.23747,0.23421,-0.00327,-0.03906,86.46
1090,0,188.607,111.481,189.070,110.802,0.464,-0.678,0.822,19.2056,0.23739,0.23413,-0.00348,-0.03909,120.87
1090,1,391.463,109.828,392.417,109.116,0.953,-0.712,1.190,19.2056,0.23739,0.23413,-0.00348,-0.03909,86.51
1091,0,188.578,110.390,188.993,109.674,0.414,-0.716,0.827,19.2039,0.23733,0.23405,-0.00379,-0.03917,120.94
1091,1,391.496,108.848,392.509,108.026,1.013,-0.822,1.304,19.2039,0.23733,0.23405,-0.00379,-0.03917,86.53
1092,0,188.329,109.324,188.660,108.589,0.331,-0.735,0.806,19.1846,0.23721,0.23389,-0.00415,-0.03933,121.07
1092,1,391.478,107.632,392.427,106.806,0.949,-0.826,1.258,19.1846,0.23721,0.23389,-0.00415,-0.03933,86.73
1093,0,188.355,109.123,188.364,109.147,0.008,0.025,0.026,0.0560,0.00034,-0.00026,-0.00022,-0.00007,121.18
1093,1,391.537,107.488,391.552,107.215,0.014,-0.273,0.273,0.0560,0.00034,-0.00026,-0.00022,-0.00007,86.70
1094,0,188.610,108.798,188.736,108.924,0.126,0.126,0.178,0.0685,0.00063,-0.00051,-0.00034,-0.00015,121.21
1094,1,391.801,107.218,392.005,106.888,0.204,-0.330,0.388,0.0685,0.00063,-0.00051,-0.00034,-0.00015,86.73
1095,0,188.723,108.823,188.863,108.761,0.140,-0.063,0.153,0.0791,0.00070,-0.00055,-0.00038,-0.00021,121.14
1095,1,392.185,106.852,392.174,106.721,-0.012,-0.131,0.132,0.0791,0.00070,-0.00055,-0.00038,-0.00021,86.82
1096,0,189.395,108.471,189.179,108.393,-0.215,-0.079,0.229,0.0791,0.00089,-0.00064,-0.00049,-0.00039,121.24
1096,1,392.651,106.574,392.613,106.348,-0.038,-0.227,0.230,0.0791,0.00089,-0.00064,-0.00049,-0.00039,86.82
1097,0,189.356,108.354,189.154,108.294,-0.201,-0.060,0.210,0.0685,0.00105,-0.00079,-0.00053,-0.00044,121.29
1097,1,392.654,106.576,392.647,106.324,-0.007,-0.252,0.252,0.0685,0.00105,-0.00079,-0.00053,-0.00044,86.84
1098,0,189.282,108.495,189.134,108.526,-0.148,0.031,0.152,0.0396,0.00111,-0.00089,-0.00052,-0.00041,121.27
1098,1,392.648,106.730,392.604,106.605,-0.044,-0.125,0.133,0.0396,0.00111,-0.00089,-0.00052,-0.00041,86.96
1099,0,189.547,108.734,189.469,108.827,-0.077,0.093,0.121,0.0396,0.00119,-0.00095,-0.00056,-0.00046,121.32
1099,1,392.905,106.977,392.918,106.865,0.013,-0.112,0.112,0.0396,0.00119,-0.00095,-0.00056,-0.00046,86.86
1100,0,189.746,107.960,189.653,108.084,-0.093,0.124,0.155,0.0969,0.00147,-0.00111,-0.00073,-0.00062,121.34
1100,1,393.508,106.193,393.280,105.949,-0.228,-0.244,0.334,0.0969,0.00147,-0.00111,-0.00073,-0.00062,86.91
1101,0,189.286,106.416,189.058,106.363,-0.228,-0.053,0.234,0.1813,0.00187,-0.00122,-0.00116,-0.00083,121.53
1101,1,393.202,104.486,393.024,104.230,-0.178,-0.256,0.312,0.1813,0.00187,-0.00122,-0.00116,-0.00083,86.98
1102,0,188.766,105.838,188.794,106.075,0.027,0.237,0.238,0.1978,0.00207,-0.00122,-0.00138,-0.00096,121.68
1102,1,392.896,103.940,392.873,103.867,-0.023,-0.073,0.076,0.1978,0.00207,-0.00122,-0.00138,-0.00096,87.11
1103,0,188.739,105.753,188.742,105.847,0.003,0.094,0.094,0.2203,0.00233,-0.00121,-0.00168,-0.00108,121.73
1103,1,392.902,103.666,392.916,103.460,0.015,-0.206,0.207,0.2203,0.00233,-0.00121,-0.00168,-0.00108,87.19
1104,0,188.609,104.993,188.467,105.102,-0.142,0.109,0.179,0.2502,0.00261,-0.00115,-0.00203,-0.00117,121.75
1104,1,392.805,102.728,392.768,102.685,-0.037,-0.043,0.057,0.2502,0.00261,-0.00115,-0.00203,-0.00117,87.27
1105,0,187.787,103.742,187.793,103.755,0.005,0.013,0.014,0.2798,0.00309,-0.00084,-0.00263,-0.00139,121.92
1105,1,392.512,101.599,392.340,101.379,-0.172,-0.220,0.279,0.2798,0.00309,-0.00084,-0.00263,-0.00139,87.29
1106,0,187.570,102.603,187.426,102.502,-0.145,-0.101,0.176,0.3380,0.00343,-0.00073,-0.00300,-0.00150,122.06
1106,1,392.374,100.489,392.161,100.174,-0.213,-0.315,0.380,0.3380,0.00343,-0.00073,-0.00300,-0.00150,87.35
1107,0,186.934,99.970,186.925,100.128,-0.009,0.158,0.158,0.4764,0.00410,-0.00063,-0.00369,-0.00168,122.30
1107,1,392.171,97.772,392.019,97.819,-0.152,0.048,0.159,0.4764,0.00410,-0.00063,-0.00369,-0.00168,87.57
1108,0,186.708,100.473,186.628,100.461,-0.080,-0.012,0.080,0.4334,0.00430,-0.00056,-0.00384,-0.00186,122.21
1108,1,391.738,98.400,391.787,98.072,0.049,-0.328,0.332,0.4334,0.00430,-0.00056,-0.00384,-0.00186,87.56
1109,0,186.459,100.549,186.347,100.452,-0.113,-0.097,0.148,0.4261,0.00437,-0.00048,-0.00390,-0.00191,122.33
1109,1,391.600,98.442,391.541,98.108,-0.058,-0.335,0.340,0.4261,0.00437,-0.00048,-0.00390,-0.00191,87.54
1110,0,186.467,100.710,186.332,100.583,-0.135,-0.127,0.185,0.3897,0.00441,-0.00033,-0.00393,-0.00196,122.35
1110,1,391.626,98.685,391.510,98.354,-0.115,-0.330,0.350,0.3897,0.00441,-0.00033,-0.00393,-0.00196,87.53
1111,0,186.602,100.860,186.520,100.843,-0.082,-0.017,0.083,0.3561,0.00437,-0.00021,-0.00386,-0.00204,122.33
1111,1,391.695,98.955,391.680,98.659,-0.016,-0.296,0.296,0.3561,0.00437,-0.00021,-0.00386,-0.00204,87.60
1112,0,186.830,101.287,186.716,100.975,-0.114,-0.312,0.332,0.3357,0.00431,-0.00006,-0.00380,-0.00202,122.19
1112,1,391.763,99.408,391.812,98.872,0.049,-0.536,0.538,0.3357,0.00431,-0.00006,-0.00380,-0.00202,87.55
1113,0,186.805,101.395,186.744,101.058,-0.061,-0.336,0.342,0.3263,0.00427,-0.00000,-0.00378,-0.00200,122.18
1113,1,391.807,99.546,391.804,99.014,-0.003,-0.533,0.533,0.3263,0.00427,-0.00000,-0.00378,-0.00200,87.51
1114,0,186.692,101.242,186.596,100.970,-0.096,-0.272,0.288,0.3380,0.00412,0.00015,-0.00370,-0.00180,122.17
1114,1,391.637,99.521,391.545,99.077,-0.093,-0.445,0.454,0.3380,0.00412,0.00015,-0.00370,-0.00180,87.52
1115,0,186.640,101.699,186.624,101.714,-0.016,0.015,0.022,0.3583,0.00350,-0.00000,-0.00335,-0.00102,121.92
1115,1,391.265,99.677,391.118,99.515,-0.147,-0.162,0.219,0.3583,0.00350,-0.00000,-0.00335,-0.00102,87.25
1116,0,186.572,102.546,186.453,102.437,-0.119,-0.109,0.161,0.4459,0.00288,-0.00022,-0.00286,0.00023,121.44
1116,1,390.411,100.318,390.275,99.961,-0.135,-0.357,0.382,0.4459,0.00288,-0.00022,-0.00286,0.00023,86.86
1117,0,186.248,103.673,186.143,103.864,-0.105,0.191,0.218,0.5595,0.00323,-0.00060,-0.00192,0.00253,120.87
1117,1,388.740,101.532,388.714,101.367,-0.025,-0.165,0.167,0.5595,0.00323,-0.00060,-0.00192,0.00253,86.19
1118,0,186.225,105.722,186.128,106.017,-0.097,0.296,0.311,0.6876,0.00624,-0.00119,-0.00048,0.00610,119.63
1118,1,386.741,103.848,386.736,103.888,-0.005,0.040,0.040,0.6876,0.00624,-0.00119,-0.00048,0.00610,85.09
1119,0,186.530,107.573,186.644,107.677,0.114,0.103,0.154,0.7823,0.00945,-0.00171,0.00081,0.00926,118.69
1119,1,385.637,105.876,385.527,105.999,-0.110,0.123,0.165,0.7823,0.00945,-0.00171,0.00081,0.00926,84.22
1120,0,188.687,111.238,188.897,111.427,0.209,0.189,0.282,0.8541,0.01575,-0.00266,0.00340,0.01515,116.69
1120,1,384.599,110.495,384.460,110.569,-0.140,0.074,0.158,0.8541,0.01575,-0.00266,0.00340,0.01515,82.61
1121,0,192.858,117.232,193.006,117.482,0.148,0.250,0.291,0.7923,0.02375,-0.00365,0.00692,0.02243,114.29
1121,1,384.439,117.112,384.360,117.284,-0.079,0.172,0.190,0.7923,0.02375,-0.00365,0.00692,0.02243,80.73
1122,0,200.843,129.378,200.913,129.734,0.070,0.356,0.363,0.7220,0.04095,-0.00577,0.01441,0.03790,109.26
1122,1,383.954,129.626,383.957,129.924,0.003,0.298,0.298,0.7220,0.04095,-0.00577,0.01441,0.03790,77.09
1123,0,210.473,141.368,210.228,141.723,-0.245,0.355,0.432,0.6703,0.06381,-0.00828,0.02354,0.05873,103.23
1123,1,383.612,142.143,383.402,142.429,-0.211,0.285,0.355,0.6703,0.06381,-0.00828,0.02354,0.05873,72.63
1124,0,214.344,145.566,214.056,146.012,-0.288,0.445,0.530,0.6453,0.07454,-0.00949,0.02757,0.06860,100.85
1124,1,383.302,146.517,383.006,146.831,-0.296,0.315,0.432,0.6453,0.07454,-0.00949,0.02757,0.06860,70.77
1125,0,218.636,148.613,218.407,149.129,-0.229,0.516,0.565,0.5637,0.08592,-0.01081,0.03170,0.07912,98.26
1125,1,383.555,149.601,383.136,150.027,-0.419,0.426,0.598,0.5637,0.08592,-0.01081,0.03170,0.07912,68.91
1126,0,228.586,150.725,228.187,151.536,-0.399,0.811,0.904,0.7672,0.11091,-0.01394,0.04002,0.10250,93.00
1126,1,384.712,151.680,384.471,152.363,-0.241,0.683,0.724,0.7672,0.11091,-0.01394,0.04002,0.10250,65.15
1127,0,235.630,151.449,235.235,151.792,-0.394,0.343,0.523,1.3859,0.13122,-0.01648,0.04642,0.12162,89.08
1127,1,385.652,151.664,385.333,152.261,-0.319,0.597,0.677,1.3859,0.13122,-0.01648,0.04642,0.12162,62.45
1128,0,238.701,149.911,238.372,150.516,-0.328,0.605,0.689,2.0051,0.14540,-0.01815,0.05086,0.13500,86.79
1128,1,384.737,150.480,384.533,150.707,-0.204,0.228,0.305,2.0051,0.14540,-0.01815,0.05086,0.13500,60.65
1129,0,243.827,148.646,243.437,149.282,-0.390,0.636,0.746,2.8481,0.16740,-0.02070,0.05795,0.15568,83.36
1129,1,384.333,148.613,383.841,149.130,-0.493,0.517,0.714,2.8481,0.16740,-0.02070,0.05795,0.15568,58.21
1130,0,248.283,148.140,247.715,148.685,-0.569,0.545,0.788,3.3070,0.18265,-0.02266,0.06269,0.17005,81.00
1130,1,384.637,148.114,384.347,148.587,-0.290,0.473,0.555,3.3070,0.18265,-0.02266,0.06269,0.17005,56.50
1131,0,254.849,147.336,254.359,147.926,-0.489,0.590,0.767,3.8986,0.20655,-0.02577,0.06983,0.19268,77.73
1131,1,385.658,147.678,385.428,148.246,-0.230,0.567,0.612,3.8986,0.20655,-0.02577,0.06983,0.19268,54.16
1132,0,263.775,146.748,263.258,147.415,-0.517,0.667,0.844,4.5657,0.23971,-0.03001,0.07933,0.22420,73.42
1132,1,387.617,147.848,387.262,148.488,-0.356,0.640,0.732,4.5657,0.23971,-0.03001,0.07933,0.22420,51.15
1133,0,271.513,144.597,270.921,145.257,-0.592,0.660,0.887,5.3904,0.27395,-0.03402,0.08901,0.25684,69.56
1133,1,388.720,146.595,388.438,147.176,-0.282,0.581,0.646,5.3904,0.27395,-0.03402,0.08901,0.25684,48.30
1134,0,279.742,143.528,279.209,144.137,-0.533,0.609,0.809,6.1610,0.30842,-0.03769,0.09929,0.28956,65.96
1134,1,391.286,145.572,390.838,146.431,-0.448,0.859,0.968,6.1610,0.30842,-0.03769,0.09929,0.28956,45.80
1135,0,283.797,144.489,283.368,145.041,-0.429,0.551,0.698,6.4113,0.32596,-0.03953,0.10480,0.30611,64.28
1135,1,392.564,146.511,392.189,147.194,-0.375,0.683,0.779,6.4113,0.32596,-0.03953,0.10480,0.30611,44.64
1136,0,289.885,142.835,289.380,143.598,-0.505,0.763,0.915,7.2368,0.36150,-0.04279,0.11620,0.33963,61.27
1136,1,393.568,144.710,393.043,145.484,-0.525,0.774,0.936,7.2368,0.36150,-0.04279,0.11620,0.33963,42.46
1137,0,291.738,143.390,291.291,144.081,-0.446,0.692,0.823,7.6186,0.38894,-0.04508,0.12525,0.36545,59.06
1137,1,391.608,145.081,391.193,145.905,-0.414,0.823,0.922,7.6186,0.38894,-0.04508,0.12525,0.36545,40.77
1138,0,293.683,145.874,293.202,146.698,-0.481,0.824,0.954,7.7298,0.41654,-0.04729,0.13450,0.39137,56.86
1138,1,389.670,147.849,389.483,148.703,-0.187,0.855,0.875,7.7298,0.41654,-0.04729,0.13450,0.39137,39.18
1139,0,295.842,146.812,295.444,147.676,-0.399,0.864,0.951,7.9965,0.44404,-0.04972,0.14367,0.41720,54.97
1139,1,388.681,149.414,388.417,150.080,-0.264,0.666,0.716,7.9965,0.44404,-0.04972,0.14367,0.41720,37.69
1140,0,299.317,147.209,298.733,147.949,-0.584,0.740,0.943,8.3546,0.47079,-0.05247,0.15281,0.44220,53.10
1140,1,388.983,149.666,388.751,150.647,-0.231,0.980,1.007,8.3546,0.47079,-0.05247,0.15281,0.44220,36.57
1141,0,304.552,148.448,304.000,149.274,-0.551,0.826,0.993,8.6397,0.49601,-0.05522,0.16199,0.46555,51.52
1141,1,391.737,150.940,391.429,151.892,-0.308,0.952,1.001,8.6397,0.49601,-0.05522,0.16199,0.46555,35.44
1142,0,309.681,150.690,309.022,151.643,-0.659,0.953,1.159,9.0144,0.53455,-0.05883,0.17668,0.50106,49.32
1142,1,393.444,152.551,392.759,153.543,-0.685,0.991,1.205,9.0144,0.53455,-0.05883,0.17668,0.50106,33.84
1143,0,309.476,151.506,308.692,152.356,-0.785,0.850,1.157,9.2087,0.55543,-0.06030,0.18470,0.52034,48.07
1143,1,391.025,152.874,390.505,153.964,-0.520,1.090,1.207,9.2087,0.55543,-0.06030,0.18470,0.52034,32.81
1144,0,308.603,151.648,308.065,152.590,-0.538,0.941,1.084,9.4224,0.57460,-0.06127,0.19209,0.53806,47.22
1144,1,388.608,153.132,388.182,154.084,-0.426,0.952,1.043,9.4224,0.57460,-0.06127,0.19209,0.53806,32.04
1145,0,308.604,151.685,308.091,152.610,-0.513,0.925,1.058,9.5602,0.58644,-0.06168,0.19656,0.54907,46.69
1145,1,387.587,153.375,387.194,154.162,-0.394,0.787,0.880,9.5602,0.58644,-0.06168,0.19656,0.54907,31.47
1146,0,308.242,150.145,307.474,150.965,-0.767,0.819,1.123,9.9817,0.60881,-0.06227,0.20465,0.56999,45.40
1146,1,385.278,151.584,384.764,152.641,-0.513,1.057,1.175,9.9817,0.60881,-0.06227,0.20465,0.56999,30.69
1147,0,307.383,150.133,306.708,151.055,-0.675,0.922,1.143,10.0893,0.62509,-0.06335,0.20991,0.58537,44.79
1147,1,383.300,151.619,382.688,152.818,-0.611,1.199,1.346,10.0893,0.62509,-0.06335,0.20991,0.58537,30.11
1148,0,307.571,153.597,306.956,154.578,-0.615,0.981,1.158,9.8039,0.65233,-0.06563,0.21762,0.61145,43.52
1148,1,381.233,155.700,380.734,156.837,-0.499,1.137,1.242,9.8039,0.65233,-0.06563,0.21762,0.61145,29.26
1149,0,308.631,156.612,307.861,157.602,-0.770,0.990,1.254,9.5180,0.66898,-0.06676,0.22195,0.62755,42.73
1149,1,380.687,159.403,380.319,160.312,-0.369,0.909,0.981,9.5180,0.66898,-0.06676,0.22195,0.62755,28.72
1150,0,309.554,159.665,308.891,160.739,-0.663,1.074,1.262,9.2221,0.68561,-0.06843,0.22610,0.64363,41.92
1150,1,380.644,162.786,380.078,163.866,-0.566,1.080,1.219,9.2221,0.68561,-0.06843,0.22610,0.64363,28.09
1151,0,310.393,163.537,309.650,164.547,-0.743,1.011,1.254,8.8482,0.70209,-0.07064,0.23032,0.65946,41.15
1151,1,380.143,166.784,379.621,167.878,-0.523,1.094,1.213,8.8482,0.70209,-0.07064,0.23032,0.65946,27.54
1152,0,310.943,167.218,310.377,168.180,-0.566,0.963,1.117,8.4765,0.71802,-0.07300,0.23421,0.67481,40.52
1152,1,379.658,170.563,379.221,171.592,-0.437,1.029,1.118,8.4765,0.71802,-0.07300,0.23421,0.67481,26.99
1153,0,312.157,170.501,311.508,171.450,-0.649,0.949,1.150,8.1779,0.73382,-0.07529,0.23816,0.69000,40.01
1153,1,379.780,174.058,379.270,175.122,-0.510,1.064,1.180,8.1779,0.73382,-0.07529,0.23816,0.69000,26.49
1154,0,312.935,174.060,312.441,175.063,-0.494,1.003,1.118,7.8275,0.74930,-0.07770,0.24192,0.70490,39.36
1154,1,379.713,177.787,379.172,178.902,-0.540,1.115,1.239,7.8275,0.74930,-0.07770,0.24192,0.70490,26.03
1155,0,314.258,177.496,313.542,178.423,-0.716,0.926,1.171,7.4729,0.76456,-0.08041,0.24557,0.71957,38.88
1155,1,379.616,181.230,379.316,182.186,-0.300,0.955,1.001,7.4729,0.76456,-0.08041,0.24557,0.71957,25.66
1156,0,315.586,178.686,314.893,179.889,-0.693,1.203,1.388,7.3021,0.77930,-0.08307,0.24856,0.73391,38.33
1156,1,380.503,182.438,379.808,183.475,-0.696,1.037,1.249,7.3021,0.77930,-0.08307,0.24856,0.73391,25.24
1157,0,317.091,179.607,316.311,180.606,-0.780,1.000,1.268,7.2184,0.79367,-0.08552,0.25124,0.74798,37.80
1157,1,380.899,183.026,380.418,184.075,-0.481,1.049,1.155,7.2184,0.79367,-0.08552,0.25124,0.74798,24.90
1158,0,317.751,179.607,317.063,180.716,-0.688,1.109,1.305,7.2073,0.80293,-0.08699,0.25290,0.75708,37.52
1158,1,381.446,183.043,380.659,184.147,-0.787,1.104,1.356,7.2073,0.80293,-0.08699,0.25290,0.75708,24.69
1159,0,318.490,179.227,317.753,180.270,-0.737,1.043,1.277,7.2678,0.82068,-0.08963,0.25629,0.77447,36.95
1159,1,380.939,182.631,380.392,183.666,-0.547,1.035,1.171,7.2678,0.82068,-0.08963,0.25629,0.77447,24.35
1160,0,318.646,178.200,317.986,179.196,-0.661,0.996,1.195,7.4042,0.83317,-0.09102,0.25865,0.78675,36.46
1160,1,380.659,181.538,379.973,182.598,-0.686,1.061,1.263,7.4042,0.83317,-0.09102,0.25865,0.78675,24.02
1161,0,318.691,178.464,317.920,179.545,-0.770,1.080,1.327,7.3973,0.84889,-0.09222,0.26203,0.80215,35.98
1161,1,379.652,181.789,379.067,183.008,-0.585,1.219,1.352,7.3973,0.84889,-0.09222,0.26203,0.80215,23.75
1162,0,317.844,178.522,317.028,179.365,-0.816,0.843,1.173,7.4372,0.86007,-0.09257,0.26452,0.81313,35.49
1162,1,378.393,181.702,377.585,182.855,-0.808,1.152,1.407,7.4372,0.86007,-0.09257,0.26452,0.81313,23.35
1163,0,315.701,175.694,314.855,176.881,-0.846,1.187,1.458,7.7185,0.87072,-0.09264,0.26673,0.82367,35.32
1163,1,375.638,179.325,374.888,180.293,-0.750,0.968,1.224,7.7185,0.87072,-0.09264,0.26673,0.82367,23.00
1164,0,312.869,174.635,312.172,175.390,-0.697,0.756,1.028,7.8637,0.88077,-0.09279,0.26818,0.83380,35.08
1164,1,372.587,177.601,371.702,178.721,-0.884,1.121,1.428,7.8637,0.88077,-0.09279,0.26818,0.83380,22.97
1165,0,310.530,176.763,309.705,177.810,-0.825,1.047,1.333,7.5650,0.88905,-0.09238,0.26941,0.84220,34.77
1165,1,369.607,180.008,368.760,181.117,-0.847,1.109,1.395,7.5650,0.88905,-0.09238,0.26941,0.84220,22.75
1166,0,308.980,177.672,308.166,178.539,-0.814,0.867,1.189,7.4733,0.89627,-0.09145,0.27026,0.84964,34.44
1166,1,367.567,180.731,366.834,181.888,-0.734,1.158,1.371,7.4733,0.89627,-0.09145,0.27026,0.84964,22.59
1167,0,307.855,175.723,307.160,176.568,-0.695,0.845,1.094,7.6692,0.90287,-0.09035,0.27039,0.85668,34.29
1167,1,366.306,178.713,365.521,179.920,-0.784,1.207,1.440,7.6692,0.90287,-0.09035,0.27039,0.85668,22.37
1168,0,307.252,174.539,306.355,175.362,-0.897,0.823,1.217,7.7783,0.90922,-0.08909,0.27076,0.86338,34.13
1168,1,364.977,177.578,364.419,178.684,-0.558,1.105,1.238,7.7783,0.90922,-0.08909,0.27076,0.86338,22.44
1169,0,305.759,175.520,304.915,176.468,-0.844,0.948,1.269,7.6259,0.91511,-0.08764,0.27117,0.86960,34.04
1169,1,363.570,178.537,362.663,179.771,-0.908,1.233,1.531,7.6259,0.91511,-0.08764,0.27117,0.86960,22.24
1170,0,304.286,175.693,303.267,176.889,-1.019,1.195,1.570,7.5720,0.92091,-0.08609,0.27179,0.87567,33.80
1170,1,361.648,178.912,360.718,180.191,-0.930,1.279,1.582,7.5720,0.92091,-0.08609,0.27179,0.87567,21.96
1171,0,303.742,175.716,302.887,176.721,-0.855,1.005,1.320,7.5873,0.92279,-0.08561,0.27199,0.87763,33.76
1171,1,360.945,178.721,360.248,180.014,-0.697,1.293,1.469,7.5873,0.92279,-0.08561,0.27199,0.87763,22.17
1172,0,302.787,175.395,301.925,176.422,-0.862,1.026,1.341,7.6117,0.93227,-0.08374,0.27357,0.88729,33.40
1172,1,359.611,178.445,358.846,179.638,-0.765,1.192,1.417,7.6117,0.93227,-0.08374,0.27357,0.88729,21.74
1173,0,301.770,178.667,300.921,179.759,-0.848,1.093,1.383,7.2399,0.93707,-0.08268,0.27482,0.89204,33.27
1173,1,358.394,181.608,357.565,182.952,-0.829,1.344,1.579,7.2399,0.93707,-0.08268,0.27482,0.89204,21.70
1174,0,301.320,181.467,300.364,182.580,-0.956,1.113,1.467,6.9269,0.93998,-0.08213,0.27573,0.89487,33.13
1174,1,357.772,184.458,356.831,185.756,-0.941,1.299,1.604,6.9269,0.93998,-0.08213,0.27573,0.89487,21.48
1175,0,300.566,183.977,299.637,185.276,-0.929,1.299,1.597,6.6440,0.94383,-0.08122,0.27700,0.89861,32.99
1175,1,356.686,187.151,355.888,188.460,-0.798,1.309,1.533,6.6440,0.94383,-0.08122,0.27700,0.89861,21.58
1176,0,300.470,185.260,299.424,186.169,-1.046,0.909,1.386,6.5520,0.94646,-0.08062,0.27767,0.90122,32.87
1176,1,356.400,188.225,355.541,189.374,-0.859,1.149,1.435,6.5520,0.94646,-0.08062,0.27767,0.90122,21.55
1177,0,300.674,186.368,299.718,187.314,-0.956,0.946,1.345,6.4307,0.94988,-0.07992,0.27864,0.90457,32.81
1177,1,356.462,189.398,355.663,190.558,-0.800,1.160,1.409,6.4307,0.94988,-0.07992,0.27864,0.90457,21.49
1178,0,301.430,187.681,300.326,188.657,-1.104,0.976,1.473,6.2767,0.95373,-0.07966,0.27979,0.90827,32.74
1178,1,356.700,190.634,356.087,191.883,-0.614,1.249,1.391,6.2767,0.95373,-0.07966,0.27979,0.90827,21.40
1179,0,301.475,188.503,300.475,189.396,-1.000,0.892,1.341,6.1885,0.95603,-0.07947,0.28052,0.91049,32.63
1179,1,356.800,191.366,356.129,192.571,-0.671,1.205,1.379,6.1885,0.95603,-0.07947,0.28052,0.91049,21.44
1180,0,301.422,189.315,300.367,190.259,-1.055,0.944,1.416,6.0920,0.95729,-0.07940,0.28101,0.91167,32.59
1180,1,356.730,192.250,355.958,193.397,-0.772,1.147,1.383,6.0920,0.95729,-0.07940,0.28101,0.91167,21.35
1181,0,301.419,191.005,300.309,191.988,-1.110,0.983,1.483,5.9430,0.95895,-0.07942,0.28267,0.91289,32.54
1181,1,356.746,193.698,355.814,195.111,-0.933,1.413,1.693,5.9430,0.95895,-0.07942,0.28267,0.91289,21.29
1182,0,301.445,191.251,300.364,192.099,-1.081,0.848,1.374,5.9433,0.95916,-0.07945,0.28303,0.91300,32.52
1182,1,356.809,193.865,355.860,195.229,-0.949,1.364,1.662,5.9433,0.95916,-0.07945,0.28303,0.91300,21.26
1183,0,302.589,191.693,301.456,192.668,-1.133,0.975,1.495,5.9003,0.95943,-0.07936,0.28399,0.91299,32.54
1183,1,357.727,194.508,356.937,195.835,-0.790,1.327,1.544,5.9003,0.95943,-0.07936,0.28399,0.91299,21.39
1184,0,303.670,192.651,302.618,193.668,-1.052,1.017,1.463,5.8056,0.95993,-0.07929,0.28492,0.91324,32.51
1184,1,358.705,195.624,358.069,196.870,-0.636,1.246,1.399,5.8056,0.95993,-0.07929,0.28492,0.91324,21.37
1185,0,303.655,193.182,302.615,194.133,-1.040,0.952,1.410,5.7773,0.96004,-0.07918,0.28547,0.91319,32.49
1185,1,358.685,196.264,358.056,197.359,-0.630,1.096,1.264,5.7773,0.96004,-0.07918,0.28547,0.91319,21.32
1186,0,303.117,193.754,301.938,194.622,-1.179,0.868,1.464,5.7622,0.96039,-0.07916,0.28629,0.91330,32.49
1186,1,358.230,196.557,357.360,197.853,-0.870,1.296,1.561,5.7622,0.96039,-0.07916,0.28629,0.91330,21.26
1187,0,302.883,193.444,301.921,194.377,-0.961,0.933,1.340,5.8096,0.96047,-0.07904,0.28706,0.91315,32.43
1187,1,357.972,196.375,357.348,197.565,-0.624,1.190,1.343,5.8096,0.96047,-0.07904,0.28706,0.91315,21.19
1188,0,303.770,193.339,302.796,194.340,-0.974,1.000,1.396,5.8118,0.96091,-0.07907,0.28748,0.91348,32.43
1188,1,358.903,196.335,358.209,197.515,-0.694,1.179,1.368,5.8118,0.96091,-0.07907,0.28748,0.91348,21.19
1189,0,304.431,193.296,303.321,194.285,-1.111,0.989,1.487,5.8168,0.96088,-0.07907,0.28763,0.91341,32.50
1189,1,359.798,196.181,358.738,197.458,-1.060,1.277,1.660,5.8168,0.96088,-0.07907,0.28763,0.91341,21.16
1190,0,304.755,192.021,303.731,193.228,-1.024,1.207,1.583,5.9280,0.96100,-0.07911,0.28765,0.91352,32.50
1190,1,360.111,194.992,359.161,196.360,-0.950,1.367,1.665,5.9280,0.96100,-0.07911,0.28765,0.91352,21.06
1191,0,304.779,191.718,303.571,192.653,-1.208,0.934,1.527,5.9966,0.96087,-0.07898,0.28766,0.91339,32.43
1191,1,359.758,194.486,359.012,195.775,-0.746,1.290,1.490,5.9966,0.96087,-0.07898,0.28766,0.91339,21.36
1192,0,303.812,191.321,302.946,192.385,-0.866,1.064,1.372,6.0307,0.96119,-0.07889,0.28767,0.91374,32.51
1192,1,359.441,194.086,358.374,195.494,-1.067,1.408,1.766,6.0307,0.96119,-0.07889,0.28767,0.91374,21.10
1193,0,303.492,191.652,302.366,192.554,-1.126,0.902,1.443,6.0234,0.96127,-0.07868,0.28783,0.91379,32.44
1193,1,358.614,194.283,357.787,195.665,-0.827,1.382,1.611,6.0234,0.96127,-0.07868,0.28783,0.91379,21.38
1194,0,303.037,192.101,302.059,193.110,-0.978,1.009,1.405,5.9556,0.96185,-0.07850,0.28788,0.91439,32.48
1194,1,358.195,194.866,357.447,196.205,-0.749,1.339,1.534,5.9556,0.96185,-0.07850,0.28788,0.91439,21.13
1195,0,302.990,191.762,301.989,192.786,-1.001,1.024,1.432,5.9903,0.96210,-0.07831,0.28789,0.91467,32.48
1195,1,357.936,194.589,357.369,195.871,-0.567,1.282,1.402,5.9903,0.96210,-0.07831,0.28789,0.91467,21.31
1196,0,303.110,191.316,302.001,192.204,-1.109,0.888,1.421,6.0578,0.96260,-0.07814,0.28796,0.91519,32.37
1196,1,357.990,193.829,357.365,195.291,-0.625,1.462,1.590,6.0578,0.96260,-0.07814,0.28796,0.91519,21.24
1197,0,303.171,191.707,302.108,192.620,-1.063,0.912,1.401,6.0092,0.96294,-0.07794,0.28795,0.91556,32.44
1197,1,358.401,194.437,357.449,195.735,-0.951,1.299,1.610,6.0092,0.96294,-0.07794,0.28795,0.91556,21.16
1198,0,302.910,192.460,301.990,193.366,-0.919,0.906,1.291,5.9248,0.96316,-0.07781,0.28786,0.91584,32.36
1198,1,357.846,195.393,357.309,196.519,-0.537,1.125,1.247,5.9248,0.96316,-0.07781,0.28786,0.91584,21.17
1199,0,302.859,192.565,301.951,193.452,-0.907,0.887,1.269,5.9163,0.96308,-0.07771,0.28778,0.91579,32.40
1199,1,357.809,195.501,357.270,196.624,-0.539,1.123,1.245,5.9163,0.96308,-0.07771,0.28778,0.91579,21.16
1200,0,302.802,192.202,301.939,193.248,-0.863,1.046,1.356,5.9379,0.96313,-0.07770,0.28770,0.91586,32.40
1200,1,357.891,195.250,357.257,196.423,-0.634,1.173,1.333,5.9379,0.96313,-0.07770,0.28770,0.91586,21.09
1201,0,303.119,190.441,302.090,191.501,-1.028,1.060,1.477,6.1145,0.96287,-0.07768,0.28701,0.91581,32.44
1201,1,358.370,193.371,357.438,194.669,-0.932,1.298,1.597,6.1145,0.96287,-0.07768,0.28701,0.91581,21.12
1202,0,303.140,190.051,302.190,191.234,-0.950,1.183,1.517,6.1370,0.96284,-0.07767,0.28674,0.91586,32.45
1202,1,358.595,193.076,357.541,194.416,-1.054,1.340,1.705,6.1370,0.96284,-0.07767,0.28674,0.91586,21.05
1203,0,302.939,189.866,302.046,191.171,-0.893,1.305,1.581,6.1508,0.96250,-0.07759,0.28663,0.91555,32.43
1203,1,358.425,193.050,357.408,194.383,-1.017,1.333,1.676,6.1508,0.96250,-0.07759,0.28663,0.91555,21.05
1204,0,302.781,190.724,301.663,191.734,-1.119,1.011,1.508,6.0902,0.96270,-0.07779,0.28669,0.91572,32.44
1204,1,357.814,193.595,357.011,194.937,-0.803,1.342,1.564,6.0902,0.96270,-0.07779,0.28669,0.91572,21.31
1205,0,302.600,191.121,301.469,192.083,-1.131,0.962,1.485,6.0569,0.96263,-0.07784,0.28677,0.91562,32.43
1205,1,357.743,193.890,356.816,195.291,-0.927,1.401,1.679,6.0569,0.96263,-0.07784,0.28677,0.91562,21.22
1206,0,302.363,191.372,301.258,192.280,-1.105,0.908,1.430,6.0501,0.96280,-0.07802,0.28687,0.91575,32.45
1206,1,357.599,194.215,356.594,195.525,-1.005,1.310,1.651,6.0501,0.96280,-0.07802,0.28687,0.91575,21.25
1207,0,302.564,191.341,301.501,192.248,-1.063,0.907,1.397,6.0577,0.96289,-0.07843,0.28696,0.91579,32.47
1207,1,357.701,194.213,356.836,195.501,-0.865,1.288,1.552,6.0577,0.96289,-0.07843,0.28696,0.91579,21.28
1208,0,302.711,191.372,301.783,192.329,-0.928,0.957,1.333,6.0466,0.96298,-0.07865,0.28704,0.91583,32.42
1208,1,357.966,194.334,357.116,195.577,-0.850,1.243,1.506,6.0466,0.96298,-0.07865,0.28704,0.91583,21.24
1209,0,302.805,191.887,301.774,192.847,-1.031,0.961,1.409,6.0011,0.96315,-0.07894,0.28720,0.91594,32.42
1209,1,357.967,194.820,357.094,196.127,-0.874,1.307,1.572,6.0011,0.96315,-0.07894,0.28720,0.91594,21.14
1210,0,302.716,191.984,301.635,193.154,-1.081,1.170,1.593,5.9734,0.96310,-0.07901,0.28718,0.91588,32.42
1210,1,357.732,195.362,356.953,196.457,-0.779,1.095,1.344,5.9734,0.96310,-0.07901,0.28718,0.91588,21.22
1211,0,302.718,192.047,301.572,192.962,-1.146,0.915,1.466,5.9976,0.96323,-0.07908,0.28716,0.91603,32.45
1211,1,357.714,194.973,356.885,196.274,-0.829,1.301,1.542,5.9976,0.96323,-0.07908,0.28716,0.91603,21.13
1212,0,302.712,191.762,302.760,191.791,0.048,0.030,0.056,0.0000,0.00007,-0.00002,-0.00006,-0.00001,32.39
1212,1,357.683,194.705,357.925,194.692,0.243,-0.012,0.243,0.0000,0.00007,-0.00002,-0.00006,-0.00001,21.29
1213,0,302.251,191.704,302.353,191.350,0.103,-0.354,0.369,0.0560,0.00123,-0.00001,-0.00121,0.00025,32.49
1213,1,357.303,194.531,357.517,194.255,0.214,-0.276,0.350,0.0560,0.00123,-0.00001,-0.00121,0.00025,21.23
1214,0,301.641,191.809,301.820,191.646,0.179,-0.163,0.242,0.1119,0.00137,-0.00002,-0.00137,0.00003,32.44
1214,1,356.752,194.842,356.990,194.538,0.237,-0.304,0.386,0.1119,0.00137,-0.00002,-0.00137,0.00003,21.22
1215,0,301.069,191.869,301.348,191.618,0.279,-0.251,0.375,0.1769,0.00154,-0.00005,-0.00153,-0.00016,32.43
1215,1,356.392,194.737,356.526,194.500,0.134,-0.237,0.273,0.1769,0.00154,-0.00005,-0.00153,-0.00016,21.14
1216,0,301.544,190.518,301.824,190.381,0.280,-0.137,0.312,0.1631,0.00226,-0.00018,-0.00209,-0.00084,32.45
1216,1,356.718,193.562,357.047,193.282,0.329,-0.280,0.431,0.1631,0.00226,-0.00018,-0.00209,-0.00084,21.38
1217,0,302.710,189.621,302.959,189.617,0.249,-0.004,0.249,0.2056,0.00269,-0.00052,-0.00226,-0.00136,32.46
1217,1,357.828,192.724,358.213,192.543,0.385,-0.181,0.425,0.2056,0.00269,-0.00052,-0.00226,-0.00136,21.20
1218,0,303.254,189.620,303.488,189.500,0.234,-0.120,0.263,0.2341,0.00299,-0.00064,-0.00229,-0.00182,32.54
1218,1,358.559,192.556,358.761,192.454,0.202,-0.103,0.227,0.2341,0.00299,-0.00064,-0.00229,-0.00182,21.34
1219,0,302.733,189.810,303.034,189.904,0.301,0.093,0.315,0.2017,0.00293,-0.00057,-0.00195,-0.00211,32.54
1219,1,357.876,193.015,358.309,192.901,0.433,-0.114,0.448,0.2017,0.00293,-0.00057,-0.00195,-0.00211,21.20
1220,0,302.298,190.753,302.367,190.725,0.069,-0.028,0.074,0.1583,0.00286,-0.00051,-0.00158,-0.00232,32.52
1220,1,357.611,193.701,357.636,193.742,0.025,0.041,0.049,0.1583,0.00286,-0.00051,-0.00158,-0.00232,21.21
1221,0,301.879,191.719,302.325,191.732,0.446,0.013,0.446,0.1312,0.00272,-0.00080,-0.00132,-0.00224,32.54
1221,1,357.296,194.841,357.577,194.733,0.282,-0.109,0.302,0.1312,0.00272,-0.00080,-0.00132,-0.00224,21.14
1222,0,301.826,191.847,302.108,191.878,0.283,0.032,0.284,0.1371,0.00286,-0.00090,-0.00132,-0.00238,32.52
1222,1,357.235,194.983,357.365,194.856,0.131,-0.127,0.182,0.1371,0.00286,-0.00090,-0.00132,-0.00238,21.08
1223,0,301.740,191.741,301.979,191.805,0.239,0.063,0.248,0.1427,0.00293,-0.00090,-0.00135,-0.00243,32.52
1223,1,356.784,194.896,357.240,194.777,0.455,-0.119,0.471,0.1427,0.00293,-0.00090,-0.00135,-0.00243,21.23
1224,0,300.920,191.363,301.399,191.340,0.478,-0.023,0.479,0.2094,0.00382,-0.00092,-0.00151,-0.00339,32.55
1224,1,356.407,194.427,356.704,194.302,0.297,-0.124,0.322,0.2094,0.00382,-0.00092,-0.00151,-0.00339,21.34
1225,0,300.920,190.741,301.395,190.869,0.475,0.128,0.492,0.2273,0.00532,-0.00113,-0.00155,-0.00496,32.60
1225,1,356.466,193.741,356.771,193.826,0.304,0.085,0.316,0.2273,0.00532,-0.00113,-0.00155,-0.00496,21.33
1226,0,301.428,189.706,301.752,190.062,0.324,0.356,0.481,0.2564,0.00815,-0.00123,-0.00167,-0.00788,32.65
1226,1,356.772,193.093,357.259,192.997,0.487,-0.097,0.496,0.2564,0.00815,-0.00123,-0.00167,-0.00788,21.35
1227,0,301.802,188.662,301.958,188.750,0.156,0.088,0.179,0.3917,0.01192,-0.00107,-0.00210,-0.01168,32.82
1227,1,357.554,191.542,357.647,191.602,0.093,0.060,0.110,0.3917,0.01192,-0.00107,-0.00210,-0.01168,21.42
1228,0,301.647,186.800,301.834,187.055,0.187,0.254,0.316,0.6330,0.01731,-0.00091,-0.00277,-0.01706,32.93
1228,1,357.790,189.756,357.779,189.764,-0.010,0.008,0.013,0.6330,0.01731,-0.00091,-0.00277,-0.01706,21.46
1229,0,301.928,185.869,302.306,186.006,0.378,0.136,0.402,0.7713,0.02679,-0.00063,-0.00398,-0.02648,33.29
1229,1,358.599,188.547,358.672,188.641,0.073,0.095,0.120,0.7713,0.02679,-0.00063,-0.00398,-0.02648,21.66
1230,0,302.947,186.215,303.289,186.220,0.342,0.005,0.342,0.7672,0.04001,0.00019,-0.00519,-0.03967,33.64
1230,1,359.897,188.993,360.226,188.853,0.329,-0.140,0.357,0.7672,0.04001,0.00019,-0.00519,-0.03967,22.02
1231,0,303.425,185.655,303.582,185.622,0.157,-0.034,0.160,0.8477,0.04399,0.00043,-0.00554,-0.04364,33.68
1231,1,360.642,188.411,360.702,188.251,0.060,-0.160,0.171,0.8477,0.04399,0.00043,-0.00554,-0.04364,21.98
1232,0,304.600,181.246,304.808,181.244,0.208,-0.003,0.208,1.4375,0.06267,0.00104,-0.00750,-0.06221,34.13
1232,1,362.639,183.893,362.834,183.745,0.195,-0.148,0.245,1.4375,0.06267,0.00104,-0.00750,-0.06221,22.38
1233,0,304.613,178.359,305.018,178.392,0.405,0.033,0.406,1.8659,0.08626,0.00157,-0.01057,-0.08559,34.94
1233,1,363.834,180.761,364.187,180.631,0.353,-0.130,0.376,1.8659,0.08626,0.00157,-0.01057,-0.08559,23.03
1234,0,303.655,177.290,304.029,177.314,0.373,0.024,0.374,2.0843,0.10708,0.00211,-0.01369,-0.10618,35.66
1234,1,363.894,179.510,364.214,179.265,0.319,-0.246,0.403,2.0843,0.10708,0.00211,-0.01369,-0.10618,23.44
1235,0,302.420,175.792,302.815,176.085,0.394,0.293,0.491,2.2297,0.12213,0.00255,-0.01605,-0.12104,36.18
1235,1,363.627,178.191,363.756,177.921,0.130,-0.270,0.299,2.2297,0.12213,0.00255,-0.01605,-0.12104,23.69
1236,0,300.694,174.589,301.503,174.824,0.808,0.235,0.842,2.2838,0.14628,0.00330,-0.01991,-0.14488,36.96
1236,1,363.556,176.650,363.679,176.688,0.123,0.038,0.129,2.2838,0.14628,0.00330,-0.01991,-0.14488,24.22
1237,0,300.285,174.740,300.877,175.104,0.592,0.364,0.695,2.2003,0.16349,0.00369,-0.02258,-0.16188,37.51
1237,1,363.600,177.239,363.941,177.005,0.341,-0.234,0.413,2.2003,0.16349,0.00369,-0.02258,-0.16188,24.71
1238,0,299.363,177.714,300.044,177.989,0.681,0.275,0.734,1.8235,0.20029,0.00427,-0.02803,-0.19828,38.75
1238,1,364.643,180.306,365.054,179.977,0.411,-0.329,0.526,1.8235,0.20029,0.00427,-0.02803,-0.19828,25.50
1239,0,299.458,180.922,300.147,181.158,0.690,0.235,0.729,1.5252,0.21967,0.00446,-0.03097,-0.21743,39.35
1239,1,365.893,183.534,366.204,183.202,0.311,-0.331,0.455,1.5252,0.21967,0.00446,-0.03097,-0.21743,25.82
1240,0,299.906,188.977,300.955,189.126,1.049,0.149,1.060,1.3666,0.25934,0.00456,-0.03722,-0.25662,40.81
1240,1,368.962,191.571,369.260,191.249,0.297,-0.322,0.438,1.3666,0.25934,0.00456,-0.03722,-0.25662,26.82
1241,0,299.940,195.964,301.057,196.036,1.116,0.072,1.118,1.9464,0.28953,0.00461,-0.04247,-0.28636,42.02
1241,1,371.052,198.454,371.187,198.127,0.135,-0.327,0.354,1.9464,0.28953,0.00461,-0.04247,-0.28636,27.62
1242,0,300.163,202.431,301.183,202.460,1.020,0.029,1.020,2.7843,0.31970,0.00478,-0.04834,-0.31599,43.17
1242,1,373.375,204.693,373.267,204.479,-0.109,-0.214,0.240,2.7843,0.31970,0.00478,-0.04834,-0.31599,28.63
1243,0,299.010,205.311,300.195,205.314,1.185,0.003,1.185,3.2811,0.33998,0.00493,-0.05264,-0.33585,44.20
1243,1,373.633,207.526,373.677,207.138,0.043,-0.388,0.390,3.2811,0.33998,0.00493,-0.05264,-0.33585,29.40
1244,0,292.609,205.549,293.798,205.570,1.189,0.021,1.190,3.9352,0.39085,0.00585,-0.06417,-0.38550,46.62
1244,1,371.329,206.667,371.105,206.662,-0.224,-0.005,0.225,3.9352,0.39085,0.00585,-0.06417,-0.38550,31.39
1245,0,286.528,204.512,287.895,204.644,1.368,0.132,1.374,4.2908,0.43204,0.00785,-0.07373,-0.42563,48.92
1245,1,368.667,205.597,368.616,205.569,-0.051,-0.028,0.058,4.2908,0.43204,0.00785,-0.07373,-0.42563,32.91
1246,0,283.691,204.662,285.296,205.030,1.606,0.368,1.648,4.4565,0.45295,0.00915,-0.07873,-0.44596,50.16
1246,1,368.080,206.244,367.851,206.272,-0.229,0.028,0.231,4.4565,0.45295,0.00915,-0.07873,-0.44596,33.82
1247,0,276.572,203.807,278.286,204.276,1.714,0.469,1.777,4.7304,0.49506,0.01240,-0.08925,-0.48680,52.71
1247,1,364.993,206.350,364.817,206.564,-0.176,0.214,0.277,4.7304,0.49506,0.01240,-0.08925,-0.48680,35.47
1248,0,266.782,200.574,268.913,201.121,2.131,0.547,2.200,5.0959,0.53744,0.01615,-0.10098,-0.52763,55.62
1248,1,360.257,203.745,359.898,204.559,-0.359,0.814,0.889,5.0959,0.53744,0.01615,-0.10098,-0.52763,37.56
1249,0,259.677,197.383,262.044,197.998,2.367,0.614,2.445,5.4471,0.57009,0.01886,-0.11024,-0.55901,58.05
1249,1,357.117,200.727,356.822,201.816,-0.295,1.089,1.128,5.4471,0.57009,0.01886,-0.11024,-0.55901,39.20
1250,0,251.678,190.517,254.415,191.287,2.737,0.770,2.843,5.5805,0.60369,0.02130,-0.12033,-0.59119,60.80
1250,1,353.729,193.863,353.525,195.269,-0.204,1.405,1.420,5.5805,0.60369,0.02130,-0.12033,-0.59119,40.91
1251,0,241.745,175.317,245.228,176.344,3.482,1.028,3.631,5.3042,0.64908,0.02427,-0.13447,-0.63453,65.04
1251,1,351.312,178.434,350.976,180.400,-0.336,1.966,1.994,5.3042,0.64908,0.02427,-0.13447,-0.63453,43.56
1252,0,233.917,158.786,237.806,160.480,3.889,1.693,4.242,4.9550,0.69391,0.02769,-0.14887,-0.67719,69.88
1252,1,351.547,162.275,350.965,165.277,-0.582,3.002,3.058,4.9550,0.69391,0.02769,-0.14887,-0.67719,46.88
1253,0,226.525,144.607,231.084,146.994,4.559,2.388,5.146,4.7200,0.72608,0.03070,-0.15951,-0.70768,73.97
1253,1,350.684,149.424,350.273,153.589,-0.411,4.165,4.186,4.7200,0.72608,0.03070,-0.15951,-0.70768,49.75
1254,0,218.559,129.116,224.060,132.493,5.500,3.377,6.454,4.6940,0.76630,0.03384,-0.17311,-0.74572,79.75
1254,1,351.823,135.496,351.461,141.325,-0.362,5.828,5.840,4.6940,0.76630,0.03384,-0.17311,-0.74572,53.53
1255,0,204.940,109.206,211.114,113.262,6.173,4.056,7.387,4.9588,0.80370,0.03560,-0.18619,-0.78102,85.80
1255,1,348.796,115.350,348.043,122.531,-0.753,7.181,7.220,4.9588,0.80370,0.03560,-0.18619,-0.78102,57.41
1256,0,190.857,91.099,198.052,96.347,7.195,5.248,8.906,5.5328,0.82930,0.03648,-0.19555,-0.80509,91.38
1256,1,343.814,96.531,342.896,105.757,-0.918,9.226,9.272,5.5328,0.82930,0.03648,-0.19555,-0.80509,61.02
1257,0,182.438,80.343,190.377,86.512,7.939,6.169,10.054,5.8951,0.84518,0.03718,-0.20123,-0.82004,95.18
1257,1,341.567,85.446,340.451,96.121,-1.116,10.675,10.733,5.8951,0.84518,0.03718,-0.20123,-0.82004,63.39
1258,0,171.143,66.887,180.342,74.744,9.198,7.858,12.098,6.3361,0.86692,0.03853,-0.20883,-0.84051,100.76
1258,1,338.808,71.693,337.877,84.739,-0.931,13.046,13.080,6.3361,0.86692,0.03853,-0.20883,-0.84051,66.86
1259,0,160.598,55.419,170.960,64.067,10.363,8.648,13.497,6.6574,0.88627,0.04048,-0.21577,-0.85865,105.77
1259,1,336.744,60.455,335.607,75.134,-1.137,14.679,14.723,6.6574,0.88627,0.04048,-0.21577,-0.85865,70.06
1260,0,151.663,45.719,163.654,56.025,11.991,10.307,15.812,6.7968,0.90268,0.04261,-0.22073,-0.87424,110.80
1260,1,335.602,50.553,334.662,67.288,-0.940,16.736,16.762,6.7968,0.90268,0.04261,-0.22073,-0.87424,73.18
1261,0,148.312,38.137,161.414,48.855,13.102,10.718,16.927,6.4940,0.91598,0.04461,-0.22443,-0.88694,114.26
1261,1,338.397,41.878,337.525,59.771,-0.873,17.893,17.914,6.4940,0.91598,0.04461,-0.22443,-0.88694,75.70
1262,0,146.673,26.429,161.022,38.452,14.349,12.023,18.721,6.0740,0.92668,0.04617,-0.22695,-0.89727,117.93
1262,1,342.651,28.288,341.900,48.088,-0.751,19.800,19.814,6.0740,0.92668,0.04617,-0.22695,-0.89727,78.67
1263,0,150.401,22.412,165.580,35.975,15.180,13.563,20.356,5.4388,0.93745,0.04767,-0.22850,-0.90793,120.81
1263,1,350.866,20.777,350.155,43.278,-0.711,22.501,22.512,5.4388,0.93745,0.04767,-0.22850,-0.90793,81.82
1264,0,157.623,26.456,173.095,40.129,15.472,13.673,20.647,4.8206,0.94337,0.04959,-0.22790,-0.91408,121.46
1264,1,359.577,21.874,358.817,44.987,-0.761,23.114,23.126,4.8206,0.94337,0.04959,-0.22790,-0.91408,83.31
1265,0,162.761,33.821,178.476,47.289,15.715,13.468,20.697,4.6395,0.94792,0.05206,-0.22664,-0.91895,121.82
1265,1,365.622,26.467,364.791,49.694,-0.832,23.227,23.242,4.6395,0.94792,0.05206,-0.22664,-0.91895,84.47
1266,0,166.797,44.353,182.637,57.415,15.840,13.062,20.531,4.3312,0.95140,0.05532,-0.22589,-0.92254,121.42
1266,1,369.278,37.550,368.627,60.554,-0.651,23.003,23.012,4.3312,0.95140,0.05532,-0.22589,-0.92254,84.61
1267,0,175.524,51.818,191.053,64.730,15.529,12.912,20.196,3.9396,0.95371,0.05913,-0.22527,-0.92483,120.38
1267,1,376.585,47.119,376.141,69.442,-0.443,22.324,22.328,3.9396,0.95371,0.05913,-0.22527,-0.92483,84.89
1268,0,184.467,54.295,200.129,66.648,15.662,12.353,19.947,3.9177,0.95573,0.06284,-0.22529,-0.92667,119.62
1268,1,384.875,49.183,384.867,71.189,-0.008,22.006,22.006,3.9177,0.95573,0.06284,-0.22529,-0.92667,85.59
1269,0,188.141,53.673,203.783,65.985,15.642,12.312,19.906,3.9416,0.95625,0.06423,-0.22546,-0.92706,119.46
1269,1,388.457,48.498,388.437,70.414,-0.020,21.916,21.916,3.9416,0.95625,0.06423,-0.22546,-0.92706,85.79
1270,0,196.738,51.135,212.327,63.566,15.589,12.431,19.939,4.4307,0.95807,0.06932,-0.22562,-0.92854,119.21
1270,1,396.690,44.157,397.173,66.603,0.483,22.447,22.452,4.4307,0.95807,0.06932,-0.22562,-0.92854,87.30
1271,0,201.750,54.752,217.643,67.325,15.893,12.573,20.265,5.4792,0.96033,0.07524,-0.22539,-0.93047,118.70
1271,1,401.386,45.929,402.277,68.847,0.891,22.918,22.935,5.4792,0.96033,0.07524,-0.22539,-0.93047,88.12
1272,0,203.281,63.798,219.141,76.095,15.860,12.297,20.069,6.6787,0.96459,0.08435,-0.22570,-0.93401,117.80
1272,1,401.210,56.634,403.226,79.118,2.016,22.485,22.575,6.6787,0.96459,0.08435,-0.22570,-0.93401,88.22
1273,0,200.916,68.090,217.632,80.239,16.716,12.148,20.665,7.4224,0.96790,0.09153,-0.22615,-0.93664,117.53
1273,1,398.413,61.714,401.578,84.117,3.164,22.403,22.625,7.4224,0.96790,0.09153,-0.22615,-0.93664,88.58
1274,0,200.484,70.591,217.494,82.766,17.010,12.175,20.918,8.2088,0.97112,0.09885,-0.22635,-0.93918,117.08
1274,1,396.871,64.694,401.336,87.234,4.465,22.540,22.978,8.2088,0.97112,0.09885,-0.22635,-0.93918,89.16
1275,0,197.898,71.413,215.582,83.578,17.685,12.165,21.465,8.8179,0.97425,0.10654,-0.22672,-0.94149,116.61
1275,1,393.748,66.455,399.302,89.176,5.554,22.721,23.390,8.8179,0.97425,0.10654,-0.22672,-0.94149,89.23
1276,0,193.967,73.801,212.098,86.247,18.131,12.446,21.992,9.4618,0.97755,0.11456,-0.22686,-0.94393,116.23
1276,1,388.572,70.429,395.480,93.053,6.909,22.624,23.656,9.4618,0.97755,0.11456,-0.22686,-0.94393,89.33
1277,0,185.217,76.862,204.308,89.364,19.091,12.502,22.820,10.3557,0.98262,0.12904,-0.22621,-0.94748,115.27
1277,1,377.586,75.537,386.887,98.012,9.302,22.476,24.325,10.3557,0.98262,0.12904,-0.22621,-0.94748,89.17
1278,0,179.428,78.607,199.373,91.009,19.944,12.402,23.486,10.8110,0.98532,0.13768,-0.22578,-0.94917,114.65
1278,1,370.356,77.424,381.310,99.947,10.954,22.523,25.045,10.8110,0.98532,0.13768,-0.22578,-0.94917,89.12
1279,0,174.825,81.480,195.483,93.682,20.658,12.203,23.993,11.3991,0.98802,0.14624,-0.22526,-0.95082,113.87
1279,1,363.928,80.521,376.511,102.954,12.583,22.433,25.720,11.3991,0.98802,0.14624,-0.22526,-0.95082,88.91
1280,0,171.425,81.965,192.245,94.295,20.820,12.331,24.198,11.6841,0.98986,0.15195,-0.22501,-0.95190,113.40
1280,1,359.396,81.502,372.764,103.899,13.368,22.396,26.083,11.6841,0.98986,0.15195,-0.22501,-0.95190,88.76
1281,0,162.703,83.473,184.627,95.602,21.923,12.129,25.055,12.1412,0.99403,0.16318,-0.22462,-0.95447,112.68
1281,1,348.706,82.701,364.346,105.222,15.640,22.521,27.419,12.1412,0.99403,0.16318,-0.22462,-0.95447,88.61
1282,0,155.459,84.670,178.195,96.814,22.737,12.145,25.777,12.6453,0.99828,0.17423,-0.22462,-0.95695,111.86
1282,1,338.946,83.479,356.927,105.722,17.982,22.243,28.602,12.6453,0.99828,0.17423,-0.22462,-0.95695,88.41
1283,0,151.356,86.456,174.855,98.397,23.500,11.940,26.359,13.1871,1.00150,0.18266,-0.22480,-0.95870,110.88
1283,1,332.669,84.491,352.472,106.670,19.803,22.179,29.734,13.1871,1.00150,0.18266,-0.22480,-0.95870,88.13
1284,0,149.589,89.874,173.577,101.819,23.989,11.945,26.798,14.0134,1.00484,0.19135,-0.22520,-0.96041,109.66
1284,1,328.377,87.290,349.528,109.369,21.150,22.079,30.575,14.0134,1.00484,0.19135,-0.22520,-0.96041,87.81
1285,0,147.358,93.654,171.717,105.280,24.359,11.626,26.991,14.8115,1.00830,0.20033,-0.22578,-0.96206,108.25
1285,1,323.124,90.182,345.873,112.071,22.749,21.889,31.570,14.8115,1.00830,0.20033,-0.22578,-0.96206,87.12
1286,0,143.780,96.068,168.525,107.440,24.745,11.371,27.233,15.4467,1.01180,0.20938,-0.22681,-0.96357,106.94
1286,1,316.711,91.749,340.964,113.538,24.253,21.789,32.603,15.4467,1.01180,0.20938,-0.22681,-0.96357,86.57
1287,0,134.975,96.904,160.400,108.081,25.425,11.177,27.774,15.8543,1.01685,0.22120,-0.22870,-0.96579,105.61
1287,1,304.798,91.504,331.154,113.038,26.356,21.534,34.035,15.8543,1.01685,0.22120,-0.22870,-0.96579,85.76
1288,0,126.603,95.049,152.644,106.177,26.040,11.128,28.318,15.9027,1.02080,0.22975,-0.23043,-0.96755,104.97
1288,1,294.591,88.546,322.559,110.351,27.969,21.805,35.464,15.9027,1.02080,0.22975,-0.23043,-0.96755,85.27
1289,0,117.421,93.570,144.178,104.721,26.756,11.152,28.987,15.9008,1.02473,0.23811,-0.23202,-0.96929,104.43
1289,1,283.672,86.202,313.336,108.341,29.664,22.138,37.014,15.9008,1.02473,0.23811,-0.23202,-0.96929,85.00
1290,0,114.493,93.261,141.618,104.396,27.124,11.135,29.321,15.9277,1.02604,0.24082,-0.23255,-0.96989,104.35
1290,1,280.447,85.661,310.498,107.934,30.051,22.273,37.405,15.9277,1.02604,0.24082,-0.23255,-0.96989,84.81
1291,0,106.278,91.234,134.202,102.379,27.924,11.145,30.066,16.1576,1.03100,0.25080,-0.23467,-0.97210,103.42
1291,1,269.599,83.275,301.819,105.492,32.220,22.218,39.138,16.1576,1.03100,0.25080,-0.23467,-0.97210,84.22
1292,0,102.696,88.254,131.286,99.385,28.590,11.132,30.680,16.4101,1.03414,0.25775,-0.23628,-0.97323,102.84
1292,1,264.133,79.737,297.693,102.253,33.559,22.516,40.413,16.4101,1.03414,0.25775,-0.23628,-0.97323,84.02
1293,0,101.721,87.603,130.535,98.858,28.813,11.255,30.933,16.7018,1.03606,0.26211,-0.23711,-0.97391,102.15
1293,1,261.684,78.765,295.920,101.556,34.236,22.791,41.128,16.7018,1.03606,0.26211,-0.23711,-0.97391,83.81
1294,0,102.810,87.900,131.805,99.201,28.995,11.301,31.119,17.3240,1.03860,0.26817,-0.23815,-0.97471,101.00
1294,1,259.916,79.137,295.320,101.623,35.403,22.486,41.941,17.3240,1.03860,0.26817,-0.23815,-0.97471,83.11
1295,0,112.646,90.806,141.223,101.696,28.577,10.890,30.582,18.9220,1.04232,0.27786,-0.23918,-0.97571,98.09
1295,1,264.419,80.350,300.611,102.369,36.192,22.019,42.364,18.9220,1.04232,0.27786,-0.23918,-0.97571,81.94
1296,0,117.853,95.660,146.211,105.999,28.358,10.339,30.184,19.8483,1.04427,0.28277,-0.23908,-0.97641,96.68
1296,1,266.696,83.829,303.357,105.410,36.661,21.581,42.541,19.8483,1.04427,0.28277,-0.23908,-0.97641,81.29
1297,0,120.803,99.435,149.038,109.360,28.235,9.924,29.929,20.3990,1.04526,0.28564,-0.23881,-0.97670,95.79
1297,1,267.806,87.071,304.820,107.970,37.014,20.899,42.507,20.3990,1.04526,0.28564,-0.23881,-0.97670,80.77
1298,0,122.831,103.133,150.843,112.809,28.012,9.676,29.636,20.8362,1.04612,0.28815,-0.23845,-0.97697,95.04
1298,1,268.518,90.038,305.493,110.627,36.976,20.589,42.321,20.8362,1.04612,0.28815,-0.23845,-0.97697,80.24
1299,0,124.795,107.622,152.741,116.715,27.946,9.093,29.388,21.2930,1.04693,0.29080,-0.23788,-0.97719,94.25
1299,1,268.763,93.687,306.178,113.385,37.415,19.698,42.284,21.2930,1.04693,0.29080,-0.23788,-0.97719,79.78
1300,0,124.985,109.503,152.840,118.516,27.855,9.013,29.277,21.4852,1.04750,0.29265,-0.23752,-0.97734,93.77
1300,1,268.211,95.624,305.639,115.186,37.428,19.562,42.232,21.4852,1.04750,0.29265,-0.23752,-0.97734,79.51
1301,0,124.785,110.557,152.617,119.478,27.832,8.920,29.226,21.6204,1.04793,0.29454,-0.23738,-0.97727,93.41
1301,1,267.402,97.091,304.819,116.523,37.417,19.433,42.163,21.6204,1.04793,0.29454,-0.23738,-0.97727,79.15
1302,0,124.848,110.098,152.672,119.196,27.824,9.097,29.274,21.6619,1.04798,0.29544,-0.23739,-0.97705,93.24
1302,1,266.750,96.884,304.583,116.416,37.833,19.532,42.578,21.6619,1.04798,0.29544,-0.23739,-0.97705,79.02
1303,0,125.033,109.499,152.857,118.575,27.824,9.076,29.267,21.6889,1.04795,0.29608,-0.23754,-0.97679,92.97
1303,1,266.705,96.452,304.548,115.950,37.843,19.498,42.570,21.6889,1.04795,0.29608,-0.23754,-0.97679,78.94
1304,0,125.299,108.647,153.018,117.794,27.719,9.147,29.189,21.6956,1.04791,0.29637,-0.23781,-0.97659,92.82
1304,1,266.678,95.767,304.612,115.421,37.934,19.654,42.723,21.6956,1.04791,0.29637,-0.23781,-0.97659,78.89
1305,0,125.503,107.524,153.328,116.714,27.825,9.190,29.303,21.7032,1.04798,0.29651,-0.23812,-0.97655,92.90
1305,1,267.150,94.646,304.897,114.393,37.746,19.746,42.599,21.7032,1.04798,0.29651,-0.23812,-0.97655,78.81
1306,0,126.385,106.977,154.039,116.460,27.655,9.483,29.236,21.7559,1.04794,0.29650,-0.23833,-0.97645,92.96
1306,1,267.669,94.327,305.520,114.040,37.851,19.713,42.677,21.7559,1.04794,0.29650,-0.23833,-0.97645,78.87
1307,0,126.417,107.761,154.123,117.070,27.705,9.309,29.228,21.7825,1.04792,0.29646,-0.23837,-0.97643,92.76
1307,1,267.706,94.815,305.558,114.615,37.852,19.799,42.718,21.7825,1.04792,0.29646,-0.23837,-0.97643,78.93
1308,0,126.855,108.281,154.654,117.343,27.799,9.063,29.239,21.8194,1.04786,0.29621,-0.23835,-0.97645,92.94
1308,1,268.413,94.938,306.088,114.661,37.675,19.723,42.525,21.8194,1.04786,0.29621,-0.23835,-0.97645,78.78
1309,0,127.718,108.339,155.477,117.387,27.759,9.048,29.196,21.8735,1.04773,0.29603,-0.23829,-0.97638,92.90
1309,1,269.083,94.945,306.858,114.570,37.776,19.624,42.569,21.8735,1.04773,0.29603,-0.23829,-0.97638,78.81
1310,0,128.724,108.743,156.293,117.745,27.569,9.002,29.002,21.9228,1.04750,0.29570,-0.23816,-0.97627,92.83
1310,1,269.869,95.528,307.643,114.785,37.774,19.256,42.399,21.9228,1.04750,0.29570,-0.23816,-0.97627,78.76
1311,0,129.490,109.228,156.872,118.169,27.381,8.941,28.804,21.9535,1.04720,0.29545,-0.23802,-0.97606,92.72
1311,1,270.724,95.760,308.171,115.158,37.446,19.399,42.173,21.9535,1.04720,0.29545,-0.23802,-0.97606,78.98
1312,0,129.579,109.224,156.978,118.191,27.398,8.967,28.828,21.9601,1.04712,0.29546,-0.23802,-0.97597,92.70
1312,1,270.709,95.823,308.246,115.265,37.537,19.442,42.273,21.9601,1.04712,0.29546,-0.23802,-0.97597,78.92
1313,0,129.655,109.023,157.066,118.068,27.411,9.045,28.865,21.9631,1.04700,0.29547,-0.23827,-0.97577,92.60
1313,1,270.740,95.799,308.282,115.246,37.542,19.447,42.280,21.9631,1.04700,0.29547,-0.23827,-0.97577,78.85
1314,0,129.615,108.664,157.107,117.644,27.492,8.980,28.921,21.9577,1.04700,0.29549,-0.23857,-0.97569,92.69
1314,1,270.727,95.508,308.311,114.784,37.584,19.276,42.239,21.9577,1.04700,0.29549,-0.23857,-0.97569,78.66
1315,0,129.815,107.639,157.412,116.625,27.597,8.986,29.023,21.9658,1.04709,0.29551,-0.23915,-0.97564,92.62
1315,1,271.397,93.917,308.607,113.632,37.210,19.715,42.110,21.9658,1.04709,0.29551,-0.23915,-0.97564,78.69
1316,0,130.312,104.910,157.582,114.381,27.270,9.471,28.868,21.9352,1.04729,0.29559,-0.24007,-0.97561,92.62
1316,1,271.626,91.266,308.837,111.204,37.211,19.938,42.216,21.9352,1.04729,0.29559,-0.24007,-0.97561,78.86
1317,0,129.560,104.117,156.957,113.560,27.396,9.444,28.978,21.8819,1.04754,0.29565,-0.24062,-0.97572,92.79
1317,1,270.824,90.441,308.308,110.380,37.484,19.939,42.457,21.8819,1.04754,0.29565,-0.24062,-0.97572,78.76
1318,0,128.919,103.264,156.510,112.587,27.591,9.323,29.123,21.8365,1.04779,0.29577,-0.24102,-0.97585,92.70
1318,1,270.650,89.037,307.946,109.253,37.296,20.216,42.422,21.8365,1.04779,0.29577,-0.24102,-0.97585,79.01
1319,0,129.285,101.860,156.646,111.571,27.360,9.711,29.032,21.8246,1.04789,0.29579,-0.24136,-0.97587,93.01
1319,1,270.597,87.659,308.112,107.886,37.516,20.227,42.621,21.8246,1.04789,0.29579,-0.24136,-0.97587,78.95
1320,0,129.332,101.754,156.717,111.361,27.384,9.607,29.021,21.8254,1.04790,0.29579,-0.24148,-0.97585,92.88
1320,1,270.643,87.308,308.181,107.534,37.538,20.227,42.641,21.8254,1.04790,0.29579,-0.24148,-0.97585,78.98
1321,0,128.808,102.692,156.401,112.007,27.593,9.315,29.123,21.8247,1.04793,0.29582,-0.24173,-0.97582,92.81
1321,1,270.365,87.738,307.820,107.930,37.456,20.192,42.552,21.8247,1.04793,0.29582,-0.24173,-0.97582,79.05
1322,0,129.021,102.834,156.519,112.069,27.498,9.235,29.007,21.8447,1.04794,0.29587,-0.24191,-0.97577,92.71
1322,1,270.547,87.795,307.888,108.031,37.341,20.236,42.472,21.8447,1.04794,0.29587,-0.24191,-0.97577,78.97
1323,0,129.671,101.541,157.216,110.789,27.545,9.248,29.056,21.8581,1.04790,0.29570,-0.24216,-0.97571,92.76
1323,1,270.863,86.801,308.630,106.756,37.767,19.956,42.715,21.8581,1.04790,0.29570,-0.24216,-0.97571,79.10
1324,0,130.346,100.931,157.699,110.566,27.353,9.636,29.000,21.8773,1.04782,0.29544,-0.24212,-0.97571,92.93
1324,1,271.688,86.373,309.156,106.694,37.468,20.321,42.624,21.8773,1.04782,0.29544,-0.24212,-0.97571,78.97
1325,0,130.704,100.819,158.246,110.458,27.542,9.638,29.180,21.8921,1.04762,0.29511,-0.24196,-0.97564,92.87
1325,1,272.382,86.393,309.751,106.753,37.369,20.359,42.555,21.8921,1.04762,0.29511,-0.24196,-0.97564,79.10
1326,0,131.632,100.834,158.949,110.484,27.316,9.650,28.971,21.9061,1.04729,0.29461,-0.24171,-0.97550,92.91
1326,1,273.254,86.550,310.512,106.883,37.258,20.333,42.445,21.9061,1.04729,0.29461,-0.24171,-0.97550,79.14
1327,0,132.230,101.207,159.508,110.637,27.278,9.430,28.862,21.9264,1.04709,0.29418,-0.24149,-0.97547,92.88
1327,1,273.792,86.846,311.134,107.205,37.342,20.359,42.531,21.9264,1.04709,0.29418,-0.24149,-0.97547,79.14
1328,0,132.777,101.678,132.973,101.650,0.196,-0.028,0.198,0.0685,0.00049,-0.00046,0.00012,-0.00012,92.85
1328,1,274.578,87.535,274.586,87.357,0.008,-0.178,0.178,0.0685,0.00049,-0.00046,0.00012,-0.00012,79.20
1329,0,133.305,101.794,133.381,101.821,0.076,0.026,0.080,0.0560,0.00101,-0.00096,0.00012,-0.00029,93.02
1329,1,275.219,87.590,275.130,87.396,-0.089,-0.194,0.213,0.0560,0.00101,-0.00096,0.00012,-0.00029,79.25
1330,0,133.593,101.426,133.651,101.430,0.057,0.004,0.058,0.0685,0.00136,-0.00126,-0.00001,-0.00050,92.96
1330,1,275.736,86.855,275.534,86.883,-0.202,0.028,0.204,0.0685,0.00136,-0.00126,-0.00001,-0.00050,79.30
1331,0,133.688,100.662,133.830,100.681,0.142,0.019,0.143,0.1047,0.00185,-0.00164,-0.00041,-0.00075,93.15
1331,1,276.095,85.900,275.909,85.915,-0.186,0.015,0.187,0.1047,0.00185,-0.00164,-0.00041,-0.00075,79.39
1332,0,133.820,98.628,134.075,98.472,0.256,-0.156,0.300,0.2094,0.00293,-0.00228,-0.00128,-0.00133,93.39
1332,1,276.643,83.572,276.600,83.371,-0.043,-0.201,0.205,0.2094,0.00293,-0.00228,-0.00128,-0.00133,79.73
1333,0,134.689,97.975,134.634,98.130,-0.055,0.155,0.165,0.2056,0.00330,-0.00251,-0.00151,-0.00151,93.33
1333,1,277.602,82.946,277.240,83.018,-0.362,0.071,0.369,0.2056,0.00330,-0.00251,-0.00151,-0.00151,79.74
1334,0,135.422,97.200,135.301,97.257,-0.121,0.057,0.134,0.2683,0.00400,-0.00297,-0.00184,-0.00194,93.49
1334,1,278.455,81.985,278.141,82.001,-0.314,0.016,0.315,0.2683,0.00400,-0.00297,-0.00184,-0.00194,79.97
1335,0,135.215,96.959,135.164,97.204,-0.051,0.245,0.250,0.2374,0.00443,-0.00335,-0.00192,-0.00216,93.62
1335,1,278.451,81.905,278.205,81.967,-0.246,0.061,0.253,0.2374,0.00443,-0.00335,-0.00192,-0.00216,80.10
1336,0,135.062,97.853,135.326,97.927,0.264,0.075,0.274,0.1813,0.00487,-0.00388,-0.00184,-0.00229,93.69
1336,1,278.490,82.753,278.497,82.679,0.006,-0.074,0.074,0.1813,0.00487,-0.00388,-0.00184,-0.00229,80.12
1337,0,134.821,98.747,135.155,98.745,0.334,-0.002,0.334,0.1978,0.00534,-0.00449,-0.00166,-0.00237,93.79
1337,1,278.511,83.591,278.492,83.392,-0.019,-0.199,0.200,0.1978,0.00534,-0.00449,-0.00166,-0.00237,80.07
1338,0,133.830,99.166,134.025,99.153,0.195,-0.013,0.195,0.3605,0.00610,-0.00542,-0.00145,-0.00239,94.07
1338,1,277.786,83.826,277.744,83.660,-0.042,-0.166,0.171,0.3605,0.00610,-0.00542,-0.00145,-0.00239,80.25
1339,0,130.723,99.017,130.784,99.021,0.061,0.004,0.061,0.8421,0.00804,-0.00763,-0.00103,-0.00232,94.55
1339,1,275.694,83.675,275.542,83.491,-0.151,-0.183,0.238,0.8421,0.00804,-0.00763,-0.00103,-0.00232,80.39
1340,0,125.024,98.810,124.831,98.928,-0.193,0.118,0.226,1.7450,0.01172,-0.01154,-0.00032,-0.00201,95.40
1340,1,271.817,83.897,271.463,83.804,-0.354,-0.093,0.366,1.7450,0.01172,-0.01154,-0.00032,-0.00201,80.46
1341,0,122.686,98.662,122.549,98.688,-0.136,0.026,0.139,2.0802,0.01300,-0.01286,-0.00012,-0.00194,95.74
1341,1,270.409,83.700,269.874,83.712,-0.534,0.012,0.535,2.0802,0.01300,-0.01286,-0.00012,-0.00194,80.48
1342,0,110.179,97.522,109.892,97.365,-0.287,-0.157,0.327,4.0617,0.02127,-0.02117,0.00117,-0.00164,97.72
1342,1,261.792,83.408,261.451,83.014,-0.342,-0.393,0.521,4.0617,0.02127,-0.02117,0.00117,-0.00164,80.93
1343,0,100.686,90.279,100.648,89.756,-0.038,-0.523,0.524,5.5928,0.02780,-0.02771,0.00200,-0.00104,99.49
1343,1,256.330,76.956,255.862,76.247,-0.469,-0.709,0.850,5.5928,0.02780,-0.02771,0.00200,-0.00104,81.41
1344,0,91.015,79.641,91.369,79.509,0.354,-0.132,0.378,7.3421,0.03585,-0.03574,0.00278,-0.00051,101.99
1344,1,251.095,67.928,250.943,67.314,-0.153,-0.614,0.632,7.3421,0.03585,-0.03574,0.00278,-0.00051,82.38
1345,0,78.942,65.888,79.854,66.265,0.912,0.377,0.986,9.8407,0.04867,-0.04852,0.00388,-0.00033,105.45
1345,1,246.202,57.688,245.886,57.141,-0.316,-0.547,0.632,9.8407,0.04867,-0.04852,0.00388,-0.00033,83.55
1346,0,72.632,60.370,74.375,61.062,1.743,0.692,1.875,11.1179,0.05566,-0.05548,0.00438,-0.00031,107.42
1346,1,243.647,54.043,243.622,53.727,-0.025,-0.316,0.317,11.1179,0.05566,-0.05548,0.00438,-0.00031,84.03
1347,0,70.610,55.550,73.347,57.274,2.738,1.724,3.235,12.8870,0.07152,-0.07131,0.00544,-0.00085,110.05
1347,1,247.007,52.457,247.744,52.671,0.737,0.214,0.767,12.8870,0.07152,-0.07131,0.00544,-0.00085,84.44
1348,0,78.432,65.905,80.505,67.536,2.074,1.631,2.638,13.4878,0.08462,-0.08435,0.00643,-0.00202,110.19
1348,1,256.434,64.469,257.135,65.128,0.701,0.659,0.962,13.4878,0.08462,-0.08435,0.00643,-0.00202,83.60
1349,0,85.887,81.519,87.465,82.577,1.579,1.058,1.900,14.2355,0.09801,-0.09765,0.00748,-0.00395,110.41
1349,1,265.327,81.536,265.954,82.133,0.628,0.597,0.866,14.2355,0.09801,-0.09765,0.00748,-0.00395,82.85
1350,0,91.478,91.779,92.599,92.450,1.121,0.671,1.307,15.2888,0.11219,-0.11169,0.00865,-0.00613,111.45
1350,1,272.745,92.591,273.521,92.981,0.776,0.390,0.868,15.2888,0.11219,-0.11169,0.00865,-0.00613,82.75
1351,0,96.274,96.578,97.254,97.185,0.980,0.607,1.152,16.9834,0.13218,-0.13146,0.01068,-0.00867,113.03
1351,1,281.392,98.173,281.972,98.520,0.580,0.348,0.676,16.9834,0.13218,-0.13146,0.01068,-0.00867,82.48
1352,0,97.228,98.311,98.272,98.816,1.043,0.505,1.159,17.4390,0.13725,-0.13647,0.01124,-0.00928,113.44
1352,1,283.270,99.758,283.837,100.322,0.567,0.564,0.800,17.4390,0.13725,-0.13647,0.01124,-0.00928,82.33
1353,0,100.629,101.124,101.765,101.467,1.136,0.343,1.187,18.7818,0.15240,-0.15149,0.01275,-0.01081,114.30
1353,1,288.838,103.415,289.570,103.621,0.733,0.206,0.761,18.7818,0.15240,-0.15149,0.01275,-0.01081,81.81
1354,0,106.937,102.383,108.171,102.741,1.234,0.358,1.285,19.8694,0.16759,-0.16658,0.01411,-0.01182,114.65
1354,1,296.489,104.580,297.224,105.035,0.735,0.454,0.864,19.8694,0.16759,-0.16658,0.01411,-0.01182,81.19
1355,0,120.527,102.613,121.558,103.017,1.031,0.404,1.108,20.8715,0.18709,-0.18599,0.01607,-0.01233,114.14
1355,1,309.702,105.882,310.544,106.385,0.842,0.503,0.981,20.8715,0.18709,-0.18599,0.01607,-0.01233,79.94
1356,0,133.627,100.232,134.819,100.402,1.192,0.171,1.204,21.7676,0.20505,-0.20394,0.01805,-0.01140,113.31
1356,1,321.805,105.610,322.683,106.043,0.878,0.433,0.979,21.7676,0.20505,-0.20394,0.01805,-0.01140,78.63
1357,0,141.599,97.244,142.700,97.555,1.102,0.312,1.145,22.4909,0.21730,-0.21614,0.01968,-0.01070,112.74
1357,1,328.919,104.600,329.761,105.053,0.842,0.453,0.956,22.4909,0.21730,-0.21614,0.01968,-0.01070,77.48
1358,0,148.405,94.390,149.408,94.646,1.003,0.256,1.035,23.1311,0.22755,-0.22635,0.02118,-0.00977,112.12
1358,1,334.662,103.869,335.474,104.422,0.812,0.553,0.983,23.1311,0.22755,-0.22635,0.02118,-0.00977,76.68
1359,0,150.834,89.915,151.923,90.315,1.089,0.400,1.160,24.0089,0.23641,-0.23520,0.02252,-0.00805,111.88
1359,1,336.629,101.789,337.184,102.387,0.555,0.597,0.816,24.0089,0.23641,-0.23520,0.02252,-0.00805,75.67
1360,0,149.166,86.556,150.279,86.977,1.113,0.421,1.190,25.1487,0.24426,-0.24298,0.02418,-0.00661,111.73
1360,1,334.496,100.562,335.217,101.262,0.721,0.701,1.005,25.1487,0.24426,-0.24298,0.02418,-0.00661,74.86
1361,0,148.749,85.395,150.138,85.721,1.388,0.326,1.426,25.4816,0.24650,-0.24516,0.02482,-0.00635,111.82
1361,1,333.871,100.582,334.977,101.164,1.105,0.582,1.249,25.4816,0.24650,-0.24516,0.02482,-0.00635,74.65
1362,0,156.799,77.958,158.105,78.437,1.306,0.480,1.391,26.2189,0.25525,-0.25365,0.02784,-0.00609,111.32
1362,1,340.656,99.520,341.662,100.088,1.005,0.568,1.155,26.2189,0.25525,-0.25365,0.02784,-0.00609,73.77
1363,0,159.734,76.612,160.906,77.312,1.172,0.700,1.365,26.5952,0.25947,-0.25772,0.02944,-0.00607,111.24
1363,1,342.861,100.336,343.820,100.927,0.958,0.591,1.126,26.5952,0.25947,-0.25772,0.02944,-0.00607,73.34
1364,0,160.778,78.823,161.857,79.717,1.079,0.894,1.401,26.9730,0.26285,-0.26103,0.03038,-0.00596,110.91
1364,1,343.293,103.638,344.047,104.584,0.754,0.946,1.210,26.9730,0.26285,-0.26103,0.03038,-0.00596,72.95
1365,0,160.163,80.799,161.105,81.520,0.942,0.720,1.186,27.2616,0.26443,-0.26260,0.03056,-0.00563,110.79
1365,1,342.339,106.414,342.909,107.047,0.570,0.634,0.852,27.2616,0.26443,-0.26260,0.03056,-0.00563,72.58
1366,0,154.602,81.480,155.265,82.241,0.663,0.761,1.009,27.9492,0.26728,-0.26556,0.02997,-0.00451,110.68
1366,1,336.858,105.786,337.328,106.604,0.470,0.818,0.944,27.9492,0.26728,-0.26556,0.02997,-0.00451,72.15
1367,0,150.763,85.295,151.544,85.972,0.781,0.677,1.033,28.2589,0.26833,-0.26669,0.02945,-0.00376,110.67
1367,1,333.142,108.354,333.550,109.022,0.409,0.668,0.783,28.2589,0.26833,-0.26669,0.02945,-0.00376,71.77
1368,0,145.626,88.229,146.563,88.697,0.937,0.468,1.047,28.7637,0.26987,-0.26837,0.02834,-0.00229,110.60
1368,1,327.768,110.037,328.466,110.633,0.698,0.595,0.917,28.7637,0.26987,-0.26837,0.02834,-0.00229,71.34
1369,0,145.472,87.836,146.391,88.484,0.920,0.648,1.125,28.8125,0.27037,-0.26892,0.02793,-0.00168,110.48
1369,1,327.411,109.549,328.090,110.186,0.679,0.636,0.931,28.8125,0.27037,-0.26892,0.02793,-0.00168,71.28
1370,0,147.281,89.525,148.267,90.045,0.986,0.520,1.115,28.7352,0.27126,-0.26983,0.02776,-0.00122,110.11
1370,1,328.738,111.075,329.322,111.663,0.584,0.587,0.828,28.7352,0.27126,-0.26983,0.02776,-0.00122,71.04
1371,0,150.535,88.260,151.507,88.614,0.972,0.354,1.034,28.6543,0.27229,-0.27079,0.02852,-0.00127,109.74
1371,1,331.514,110.680,332.068,111.424,0.554,0.744,0.927,28.6543,0.27229,-0.27079,0.02852,-0.00127,70.96
1372,0,154.919,87.293,155.998,87.841,1.079,0.548,1.210,28.5616,0.27361,-0.27197,0.02988,-0.00186,109.63
1372,1,335.386,111.636,335.951,112.503,0.565,0.867,1.035,28.5616,0.27361,-0.27197,0.02988,-0.00186,70.98
1373,0,161.775,88.501,162.792,89.110,1.017,0.609,1.185,28.3569,0.27552,-0.27364,0.03198,-0.00330,109.35
1373,1,341.240,115.254,341.911,115.815,0.671,0.562,0.875,28.3569,0.27552,-0.27364,0.03198,-0.00330,70.88
1374,0,167.302,90.441,168.186,91.011,0.884,0.570,1.052,28.1950,0.27759,-0.27547,0.03395,-0.00438,108.96
1374,1,345.929,118.147,346.590,118.802,0.661,0.656,0.931,28.1950,0.27759,-0.27547,0.03395,-0.00438,70.84
1375,0,168.813,91.328,169.661,91.918,0.848,0.590,1.033,28.2332,0.27848,-0.27625,0.03481,-0.00483,108.81
1375,1,347.338,119.687,347.801,120.481,0.464,0.794,0.920,28.2332,0.27848,-0.27625,0.03481,-0.00483,70.85
1376,0,171.529,91.499,172.494,92.045,0.966,0.546,1.109,28.2587,0.27986,-0.27748,0.03602,-0.00581,108.85
1376,1,349.811,121.177,350.379,121.854,0.568,0.677,0.884,28.2587,0.27986,-0.27748,0.03602,-0.00581,70.76
1377,0,173.219,91.631,174.231,92.259,1.012,0.628,1.191,28.1777,0.28040,-0.27797,0.03625,-0.00632,108.73
1377,1,351.372,121.481,352.037,122.206,0.665,0.725,0.984,28.1777,0.28040,-0.27797,0.03625,-0.00632,70.88
1378,0,176.089,92.917,176.990,93.647,0.900,0.730,1.159,27.9628,0.28094,-0.27851,0.03619,-0.00718,108.73
1378,1,354.078,122.528,354.699,123.294,0.621,0.766,0.986,27.9628,0.28094,-0.27851,0.03619,-0.00718,70.96
1379,0,179.909,94.402,180.703,95.054,0.794,0.652,1.027,27.6925,0.28156,-0.27915,0.03576,-0.00836,108.67
1379,1,357.844,123.755,358.319,124.510,0.474,0.756,0.892,27.6925,0.28156,-0.27915,0.03576,-0.00836,71.03
